stage,stage_label,lag_ns,domain_id,n_samples,ca_rmsd,drmsd_long_range,drmsd_all,rotation_geodesic_mean_deg,bond_length_rmse,bond_angle_ca_c_n_mae_deg,bond_angle_c_n_ca_mae_deg,bond_angle_mae_deg,ca_neighbor_distance_mae,contact_f1,formed_contact_f1,broken_contact_f1,heavy_atom_rmsd,backbone_heavy_rmsd,sidechain_heavy_rmsd,bondi_serious_overlap_rate,bondi_serious_inter_residue_backbone_backbone_rate,bondi_serious_inter_residue_backbone_sidechain_rate,bondi_serious_inter_residue_sidechain_sidechain_rate,bondi_serious_intra_residue_backbone_backbone_rate,bondi_serious_intra_residue_backbone_sidechain_rate,bondi_serious_intra_residue_sidechain_sidechain_rate,atom_contact_any_precision,atom_contact_any_recall,atom_contact_any_f1,atom_contact_backbone_backbone_f1,atom_contact_backbone_sidechain_f1,atom_contact_sidechain_sidechain_f1,atom_contact_formed_precision,atom_contact_formed_recall,atom_contact_formed_f1,atom_contact_broken_precision,atom_contact_broken_recall,atom_contact_broken_f1,ca_rmsd_n,drmsd_long_range_n,drmsd_all_n,rotation_geodesic_mean_deg_n,bond_length_rmse_n,bond_angle_ca_c_n_mae_deg_n,bond_angle_c_n_ca_mae_deg_n,bond_angle_mae_deg_n,ca_neighbor_distance_mae_n,contact_f1_n,formed_contact_f1_n,broken_contact_f1_n,heavy_atom_rmsd_n,backbone_heavy_rmsd_n,sidechain_heavy_rmsd_n,bondi_serious_overlap_rate_n,bondi_serious_inter_residue_backbone_backbone_rate_n,bondi_serious_inter_residue_backbone_sidechain_rate_n,bondi_serious_inter_residue_sidechain_sidechain_rate_n,bondi_serious_intra_residue_backbone_backbone_rate_n,bondi_serious_intra_residue_backbone_sidechain_rate_n,bondi_serious_intra_residue_sidechain_sidechain_rate_n,atom_contact_any_precision_n,atom_contact_any_recall_n,atom_contact_any_f1_n,atom_contact_backbone_backbone_f1_n,atom_contact_backbone_sidechain_f1_n,atom_contact_sidechain_sidechain_f1_n,atom_contact_formed_precision_n,atom_contact_formed_recall_n,atom_contact_formed_f1_n,atom_contact_broken_precision_n,atom_contact_broken_recall_n,atom_contact_broken_f1_n
identity,identity_current_atoms,1.0,1ad3A02,60,2.478932026028633,1.835367017499275,1.795289017607583,25.888488245010375,0.07961864683944533,4.2948109707271005,5.318152488415487,4.806481729571293,0.07365329097636374,0.8164013133795682,0.0,0.0,,,,,,,,,,,,,,,,,,,,,,,60,60,60,60,60,60,60,60,60,60,60,60,,,,,,,,,,,,,,,,,,,,,,
identity,identity_current_atoms,1.0,1atgA02,60,2.3619444608688354,1.7075190869617394,1.64289458104991,28.756710958480834,0.07840934313034002,4.246253606303066,5.278723138180769,4.7624883722419185,0.07411137922310533,0.8075786015228003,0.0,0.0,,,,,,,,,,,,,,,,,,,,,,,60,60,60,60,60,60,60,60,60,60,60,60,,,,,,,,,,,,,,,,,,,,,,
identity,identity_current_atoms,1.0,1balA00,60,5.438900498549144,4.31533538926393,3.9250060959010047,62.20277662277222,0.08034854353742907,4.321540344691358,5.461628816865708,4.891584580778533,0.07503016837437948,0.5181036041821154,0.0,0.0,,,,,,,,,,,,,,,,,,,,,,,60,60,60,60,60,60,60,60,60,60,59,60,,,,,,,,,,,,,,,,,,,,,,
identity,identity_current_atoms,1.0,1by1A00,60,3.471535704533259,2.5581005094633675,2.5033217603018696,32.659754339853926,0.07796296256706509,4.246616617089783,5.102033205652054,4.674324911370919,0.07341638132929804,0.6597498650613055,0.0,0.0,,,,,,,,,,,,,,,,,,,,,,,60,60,60,60,60,60,60,60,60,60,60,60,,,,,,,,,,,,,,,,,,,,,,
identity,identity_current_atoms,1.0,1c80A00,60,1.9775467445453008,1.4986468175334546,1.4660632827815248,22.96848462422689,0.07800018616799789,4.271640974873626,5.189680387528676,4.730660681201153,0.07428688850319175,0.8492842434315,0.0,0.0,,,,,,,,,,,,,,,,,,,,,,,60,60,60,60,60,60,60,60,60,60,60,60,,,,,,,,,,,,,,,,,,,,,,
identity,identity_current_atoms,1.0,1ccdA00,60,4.378588104248047,3.3852107322121916,3.1843430820110687,45.79720137914022,0.0786142020188178,4.30296721164572,5.23314194560941,4.7680545786275665,0.07357841216193307,0.5565107788693963,0.0,0.0,,,,,,,,,,,,,,,,,,,,,,,60,60,60,60,60,60,60,60,60,60,60,60,,,,,,,,,,,,,,,,,,,,,,
identity,identity_current_atoms,1.0,1ccwB02,60,2.8192927300930024,2.1756008505698845,2.032686806880139,34.852746915817264,0.07745477710646288,4.339192230587583,5.403016357788482,4.871104294188034,0.0738565926062755,0.7140286579504569,0.0,0.0,,,,,,,,,,,,,,,,,,,,,,,60,60,60,60,60,60,60,60,60,60,60,60,,,,,,,,,,,,,,,,,,,,,,
identity,identity_current_atoms,1.0,1dgnA00,60,2.335992847879728,1.8019677325866972,1.7155543520614942,28.453921445210774,0.07555912859533707,4.206830799042063,5.019444061856907,4.613137430449485,0.07244172972260099,0.7361419173836664,0.0,0.0,,,,,,,,,,,,,,,,,,,,,,,60,60,60,60,60,60,60,60,60,60,60,60,,,,,,,,,,,,,,,,,,,,,,
identity,identity_current_atoms,1.0,1eb6A00,60,2.4600986848274866,1.822414949022277,1.7789919979153843,28.347768704096477,0.07801035428775055,4.28738541391315,5.164650730605939,4.726018072259546,0.07361656312238085,0.7883880570750815,0.0,0.0,,,,,,,,,,,,,,,,,,,,,,,60,60,60,60,60,60,60,60,60,60,60,60,,,,,,,,,,,,,,,,,,,,,,
identity,identity_current_atoms,1.0,1ecmA00,60,3.36400213042895,2.423943832625893,2.307143488713356,35.71825812657674,0.07662024766037966,4.1783038231971,5.237586243050932,4.707945033124015,0.07281353681175796,0.6309103642617063,0.0,0.0,,,,,,,,,,,,,,,,,,,,,,,60,60,60,60,60,60,60,60,60,60,60,60,,,,,,,,,,,,,,,,,,,,,,
identity,identity_current_atoms,1.0,1f7uA02,60,2.8357584257920583,2.1727594545223328,2.097365403859494,31.807023525238037,0.07562013806856781,4.177798018891627,5.181061900186582,4.679429959539106,0.0729703627286419,0.6495511726547502,0.0,0.0,,,,,,,,,,,,,,,,,,,,,,,60,60,60,60,60,60,60,60,60,60,60,60,,,,,,,,,,,,,,,,,,,,,,
identity,identity_current_atoms,1.0,1fjrA02,60,2.1180681655804316,1.5708245584017604,1.5189900017820672,26.694645086924236,0.0804002418640806,4.424851146599275,5.444970122399394,4.934910634499334,0.07446953381902428,0.862648677192065,0.0,0.0,,,,,,,,,,,,,,,,,,,,,,,60,60,60,60,60,60,60,60,60,60,60,60,,,,,,,,,,,,,,,,,,,,,,
identity,identity_current_atoms,1.0,1fmtB01,60,2.3551884243885675,1.753300761167907,1.71628967104387,24.554545656840006,0.07963249987548346,4.342564920479878,5.238469332339138,4.790517126409508,0.07342126704939649,0.8609668163240394,0.0,0.0,,,,,,,,,,,,,,,,,,,,,,,60,60,60,60,60,60,60,60,60,60,60,60,,,,,,,,,,,,,,,,,,,,,,
identity,identity_current_atoms,1.0,1frmA00,60,3.605274478594462,2.7936713428364897,2.6763094502986626,39.28167888323466,0.07981333685888344,4.266869743675045,5.466867622874529,4.866868683274788,0.07458481807557364,0.6928091889090587,0.0,0.0,,,,,,,,,,,,,,,,,,,,,,,60,60,60,60,60,60,60,60,60,60,60,60,,,,,,,,,,,,,,,,,,,,,,
identity,identity_current_atoms,1.0,1gk9B03,20,3.322943115234375,2.3353464182175863,2.272029358780506,32.53349385261536,0.0778456639966068,4.267458339501977,5.186787054594252,4.727122697048115,0.07363714657723905,0.7015544361329734,0.0,0.0,,,,,,,,,,,,,,,,,,,,,,,20,20,20,20,20,20,20,20,20,20,20,20,,,,,,,,,,,,,,,,,,,,,,
identity,identity_current_atoms,1.0,1gkgA02,60,2.5752985616525015,1.8511470074076921,1.7470607727764145,35.839843098322554,0.08171167706175171,4.311179748912695,5.464027026665255,4.887603387788975,0.07353198101707535,0.7858415147303615,0.0,0.0,,,,,,,,,,,,,,,,,,,,,,,60,60,60,60,60,60,60,60,60,60,60,60,,,,,,,,,,,,,,,,,,,,,,
identity,identity_current_atoms,1.0,1gvhA01,60,3.4238640487194063,2.5184361547046468,2.4421660101904425,32.99671851793925,0.07692162054467565,4.256507946975301,5.181247846506958,4.718877896741129,0.07249477044795374,0.6636906951273208,0.0,0.0,,,,,,,,,,,,,,,,,,,,,,,60,60,60,60,60,60,60,60,60,60,60,60,,,,,,,,,,,,,,,,,,,,,,
identity,identity_current_atoms,1.0,1gyxA01,60,4.823104691505432,3.6517825802050536,3.3911277159665807,53.47211233774821,0.08063513972221872,4.370237105075754,5.378905412604444,4.874571258840098,0.07497072755975068,0.5998161953291814,0.0,0.0,,,,,,,,,,,,,,,,,,,,,,,60,60,60,60,60,60,60,60,60,60,60,60,,,,,,,,,,,,,,,,,,,,,,
identity,identity_current_atoms,1.0,1hw7A02,60,6.623911358912786,5.47527381794024,4.954190888227149,69.36539837519328,0.07910937373257813,4.383247212009437,5.440075201381254,4.911661206695345,0.07536182103513858,0.3609037168218406,0.0,0.0,,,,,,,,,,,,,,,,,,,,,,,60,60,60,60,60,60,60,60,60,60,58,56,,,,,,,,,,,,,,,,,,,,,,
identity,identity_current_atoms,1.0,1i7xB00,60,6.182254519065221,4.793627883096647,4.398645203863407,65.54889888763428,0.08177282446839887,4.454601662899483,5.531409673865198,4.993005668382341,0.07512125230970837,0.5494739250084046,0.0,0.0,,,,,,,,,,,,,,,,,,,,,,,60,60,60,60,60,60,60,60,60,60,60,60,,,,,,,,,,,,,,,,,,,,,,
identity,identity_current_atoms,1.0,1ik7A00,60,5.0674243191878,4.006879254030459,3.650377642868712,58.793015797932945,0.0783446160064005,4.268083118964506,5.333832891045239,4.800958005004871,0.07403894857643477,0.4592671984620874,0.0,0.0,,,,,,,,,,,,,,,,,,,,,,,60,60,60,60,60,60,60,60,60,58,55,57,,,,,,,,,,,,,,,,,,,,,,
identity,identity_current_atoms,1.0,1in4A03,60,1.779561647772789,1.3254418212716075,1.2533774782091147,23.111530192693074,0.07622034445593019,4.255482850829188,5.0643136463046385,4.659898248566912,0.07426101409637176,0.7882515260336596,0.0,0.0,,,,,,,,,,,,,,,,,,,,,,,60,60,60,60,60,60,60,60,60,60,60,60,,,,,,,,,,,,,,,,,,,,,,
identity,identity_current_atoms,1.0,1inlC02,60,4.1009914457798,3.086425212718067,2.868030368982107,45.478408908843996,0.0802251833296937,4.299051758288291,5.419583198526861,4.859317478407576,0.0729899736939284,0.7479895923775335,0.0,0.0,,,,,,,,,,,,,,,,,,,,,,,60,60,60,60,60,60,60,60,60,60,60,60,,,,,,,,,,,,,,,,,,,,,,
identity,identity_current_atoms,1.0,1iv8A05,60,2.000633356968562,1.5016885340873505,1.4085129507491911,26.099296474456786,0.07984379490304612,4.330227282066632,5.464665144145054,4.897446213105844,0.07444580958439755,0.8898745660479441,0.0,0.0,,,,,,,,,,,,,,,,,,,,,,,60,60,60,60,60,60,60,60,60,60,60,60,,,,,,,,,,,,,,,,,,,,,,
identity,identity_current_atoms,1.0,1j4sA00,60,2.5285400023063023,1.8689858625252962,1.816651441341398,30.180343421300254,0.08496820158549749,4.474948375372731,5.569360503756261,5.022154439564496,0.07460808372712352,0.8515124620956491,0.0,0.0,,,,,,,,,,,,,,,,,,,,,,,60,60,60,60,60,60,60,60,60,60,60,60,,,,,,,,,,,,,,,,,,,,,,
identity,identity_current_atoms,1.0,1jocA01,60,7.069705267747243,5.8044138361442785,5.342803700747071,73.89996534983317,0.07759701700425742,4.34424311937004,5.244168468535597,4.794205793952818,0.07294963429876639,0.4503344237800809,0.0,0.0,,,,,,,,,,,,,,,,,,,,,,,60,60,60,60,60,60,60,60,60,58,56,52,,,,,,,,,,,,,,,,,,,,,,
identity,identity_current_atoms,1.0,1jqoA03,60,2.697542549173037,1.9835482606432855,1.922227929134009,29.81385046641032,0.07753760528991718,4.29265739741456,5.221120599820984,4.7568889986177725,0.07484256841388405,0.706880286633011,0.0,0.0,,,,,,,,,,,,,,,,,,,,,,,60,60,60,60,60,60,60,60,60,60,60,60,,,,,,,,,,,,,,,,,,,,,,
identity,identity_current_atoms,1.0,1jr3C02,60,2.1120906511942548,1.5631324469412007,1.5100575405083063,24.55198334058126,0.07609322137724976,4.24151275023288,4.965917510531466,4.603715130382174,0.0733180715689646,0.7388655822474622,0.0,0.0,,,,,,,,,,,,,,,,,,,,,,,60,60,60,60,60,60,60,60,60,60,60,60,,,,,,,,,,,,,,,,,,,,,,
identity,identity_current_atoms,1.0,1k4iA00,60,2.4157269100348153,1.7003376729430797,1.6668847031374483,25.69838728904724,0.07996232077516073,4.325735351541321,5.241823134823524,4.7837792431824235,0.07398950650710469,0.8502024441860594,0.0,0.0,,,,,,,,,,,,,,,,,,,,,,,60,60,60,60,60,60,60,60,60,60,60,60,,,,,,,,,,,,,,,,,,,,,,
identity,identity_current_atoms,1.0,1k8kD01,60,3.746749226252238,2.630618249718239,2.5523968712868372,35.07981810569763,0.07868502762501145,4.28977203109133,5.303851112490372,4.796811571790852,0.07229284252060783,0.7994294973437014,0.0,0.0,,,,,,,,,,,,,,,,,,,,,,,60,60,60,60,60,60,60,60,60,60,60,60,,,,,,,,,,,,,,,,,,,,,,
identity,identity_current_atoms,4.0,1ad3A02,60,3.471745316187541,2.603643509200236,2.543938334657745,32.17642273902893,0.0784512017942725,4.326875401914784,5.303704629223459,4.81529001556912,0.0740261625383318,0.7666308747123057,0.0,0.0,,,,,,,,,,,,,,,,,,,,,,,60,60,60,60,60,60,60,60,60,60,60,60,,,,,,,,,,,,,,,,,,,,,,
identity,identity_current_atoms,4.0,1atgA02,60,3.143990711371104,2.3001369116584973,2.2099009944640975,35.98807198206584,0.08136477729333494,4.354749278309155,5.347662189496691,4.8512057339029235,0.07416130473584305,0.7657439122688072,0.0,0.0,,,,,,,,,,,,,,,,,,,,,,,60,60,60,60,60,60,60,60,60,60,60,60,,,,,,,,,,,,,,,,,,,,,,
identity,identity_current_atoms,4.0,1balA00,60,7.12358948191007,5.892386451011437,5.351450798641784,75.48880923589071,0.07671554297475121,4.436301603692623,5.57159216862551,5.003946886159067,0.07459912856419883,0.39279948184923713,0.0,0.0,,,,,,,,,,,,,,,,,,,,,,,60,60,60,60,60,60,60,60,60,60,59,59,,,,,,,,,,,,,,,,,,,,,,
identity,identity_current_atoms,4.0,1by1A00,60,4.830609619617462,3.4866009832533797,3.411133112542069,43.249420483907066,0.07734806834965179,4.290050421975905,5.194961824360255,4.74250612316808,0.07363312790791195,0.5486058407775093,0.0,0.0,,,,,,,,,,,,,,,,,,,,,,,60,60,60,60,60,60,60,60,60,60,60,60,,,,,,,,,,,,,,,,,,,,,,
identity,identity_current_atoms,4.0,1c80A00,60,2.5713934818903605,1.868682515567488,1.827206037634512,27.26587413152059,0.0780963684909841,4.304233110208887,5.18544932304387,4.744841216626379,0.07382710021838808,0.8233924634358123,0.0,0.0,,,,,,,,,,,,,,,,,,,,,,,60,60,60,60,60,60,60,60,60,60,60,60,,,,,,,,,,,,,,,,,,,,,,
identity,identity_current_atoms,4.0,1ccdA00,60,6.138192307949066,5.032534940854041,4.726227026792154,58.42798973719279,0.0785984280719987,4.284484893147468,5.384210354745217,4.834347623946343,0.07338797023561265,0.43716194496278094,0.0,0.0,,,,,,,,,,,,,,,,,,,,,,,60,60,60,60,60,60,60,60,60,60,60,59,,,,,,,,,,,,,,,,,,,,,,
identity,identity_current_atoms,4.0,1ccwB02,60,4.318033295869827,3.301848729272512,3.075524962486902,47.08818454742432,0.07945639484014994,4.3216864263723105,5.421395017431844,4.871540721902076,0.07375211868530666,0.6422552338402677,0.0,0.0,,,,,,,,,,,,,,,,,,,,,,,60,60,60,60,60,60,60,60,60,60,60,60,,,,,,,,,,,,,,,,,,,,,,
identity,identity_current_atoms,4.0,1dgnA00,60,2.79147030711174,2.1647374519156473,2.060145158559033,33.341261021296184,0.07484475340120587,4.228075419302254,5.0436759587454825,4.635875689023868,0.07339233020038316,0.6753075542164761,0.0,0.0,,,,,,,,,,,,,,,,,,,,,,,60,60,60,60,60,60,60,60,60,60,60,60,,,,,,,,,,,,,,,,,,,,,,
identity,identity_current_atoms,4.0,1eb6A00,60,3.471478506922722,2.622151437548186,2.556568152875044,35.350451946258545,0.07862563415629849,4.270014695198607,5.215944976150587,4.742979835674597,0.0737780503477111,0.7410204684521218,0.0,0.0,,,,,,,,,,,,,,,,,,,,,,,60,60,60,60,60,60,60,60,60,60,60,60,,,,,,,,,,,,,,,,,,,,,,
identity,identity_current_atoms,4.0,1ecmA00,60,4.807132138808568,3.553478509006308,3.3760858853433513,46.25106684366862,0.07727940630228111,4.315169620924881,5.253693148771545,4.784431384848213,0.07402919504377578,0.5158990727844268,0.0,0.0,,,,,,,,,,,,,,,,,,,,,,,60,60,60,60,60,60,60,60,60,60,60,60,,,,,,,,,,,,,,,,,,,,,,
identity,identity_current_atoms,4.0,1f7uA02,60,4.032774315277735,2.9517896966255597,2.8469654920058973,41.352223841349286,0.07675858661485553,4.26198827410189,5.258006475873439,4.759997374987663,0.07357443609545307,0.5613855918791144,0.0,0.0,,,,,,,,,,,,,,,,,,,,,,,60,60,60,60,60,60,60,60,60,60,60,60,,,,,,,,,,,,,,,,,,,,,,
identity,identity_current_atoms,4.0,1fjrA02,60,2.814758143822352,2.114420141837214,2.042137936581935,32.991934887568156,0.080191929447253,4.353676465371607,5.395834141100112,4.87475530323586,0.07405001700565378,0.8285945795059076,0.0,0.0,,,,,,,,,,,,,,,,,,,,,,,60,60,60,60,60,60,60,60,60,60,60,60,,,,,,,,,,,,,,,,,,,,,,
identity,identity_current_atoms,4.0,1fmtB01,60,2.988603466749191,2.213194560214642,2.1651953314992087,28.850990533828735,0.0803538251210704,4.286689075916176,5.335114957601728,4.810902016758951,0.07327979823053382,0.8370181548056418,0.0,0.0,,,,,,,,,,,,,,,,,,,,,,,60,60,60,60,60,60,60,60,60,60,60,60,,,,,,,,,,,,,,,,,,,,,,
identity,identity_current_atoms,4.0,1frmA00,60,5.204984885454178,4.181222520337864,3.9993837548621465,50.423556613922116,0.07899892746458761,4.306390685812196,5.355642507147503,4.831016596479848,0.07348602132191734,0.6061171240244202,0.0,0.0,,,,,,,,,,,,,,,,,,,,,,,60,60,60,60,60,60,60,60,60,60,60,60,,,,,,,,,,,,,,,,,,,,,,
identity,identity_current_atoms,4.0,1gk9B03,20,4.241094499826431,3.0760965054874645,2.990653038277558,40.88964767456055,0.07711178329522199,4.287625750877714,5.326615252410658,4.807120501644187,0.07456231951713563,0.6518062922555882,0.0,0.0,,,,,,,,,,,,,,,,,,,,,,,20,20,20,20,20,20,20,20,20,20,20,20,,,,,,,,,,,,,,,,,,,,,,
identity,identity_current_atoms,4.0,1gkgA02,60,3.3658855428298313,2.493121604570854,2.34614757875685,44.84371034304301,0.0820626021050654,4.4596614622824555,5.461288141332413,4.960474801807434,0.07455850862989237,0.7182089512744784,0.0,0.0,,,,,,,,,,,,,,,,,,,,,,,60,60,60,60,60,60,60,60,60,60,60,60,,,,,,,,,,,,,,,,,,,,,,
identity,identity_current_atoms,4.0,1gvhA01,60,4.764213591814041,3.5440514329652615,3.434851969497664,41.7184866587321,0.0769427865786491,4.271389114923862,5.193114317320155,4.732251716122008,0.07332374195392981,0.5687031395985807,0.0,0.0,,,,,,,,,,,,,,,,,,,,,,,60,60,60,60,60,60,60,60,60,60,60,60,,,,,,,,,,,,,,,,,,,,,,
identity,identity_current_atoms,4.0,1gyxA01,60,6.650139208634695,5.290611831756581,4.904444235484646,67.16748580932617,0.07900299388080527,4.318403561235573,5.458080621945479,4.888242091590525,0.07210216301458855,0.4877204242081931,0.0,0.0,,,,,,,,,,,,,,,,,,,,,,,60,60,60,60,60,60,60,60,60,60,60,60,,,,,,,,,,,,,,,,,,,,,,
identity,identity_current_atoms,4.0,1hw7A02,60,8.698033555348713,7.484232037978907,6.76424373159654,88.42696317036946,0.07837425234481059,4.443026862312374,5.460974699522465,4.9520007809174205,0.07447054150964126,0.2477807245573225,0.0,0.0,,,,,,,,,,,,,,,,,,,,,,,60,60,60,60,60,60,60,60,60,60,60,59,,,,,,,,,,,,,,,,,,,,,,
identity,identity_current_atoms,4.0,1i7xB00,60,8.175608905156453,6.473718183429382,5.936931515037869,84.40808448791503,0.08047559554308746,4.424910714134785,5.550852309382463,4.987881511758624,0.0751615741423198,0.37932387093956604,0.0,0.0,,,,,,,,,,,,,,,,,,,,,,,60,60,60,60,60,60,60,60,60,60,60,60,,,,,,,,,,,,,,,,,,,,,,
identity,identity_current_atoms,4.0,1ik7A00,60,7.073182511329651,6.022381188426272,5.476695739134722,75.09973125457763,0.07719091337161334,4.35826075788748,5.46822308217221,4.913241920029845,0.07365370178534313,0.28583039950898426,0.0,0.0,,,,,,,,,,,,,,,,,,,,,,,60,60,60,60,60,60,60,60,60,60,60,57,,,,,,,,,,,,,,,,,,,,,,
identity,identity_current_atoms,4.0,1in4A03,60,2.2672063102324804,1.6459724469611983,1.5546588258456777,27.285845232009887,0.07655613748122456,4.199928236778416,4.950372789978019,4.575150513378218,0.07326679739866172,0.7517338571725846,0.0,0.0,,,,,,,,,,,,,,,,,,,,,,,60,60,60,60,60,60,60,60,60,60,60,60,,,,,,,,,,,,,,,,,,,,,,
identity,identity_current_atoms,4.0,1inlC02,60,5.9516889949639635,4.544953349717534,4.214288847583637,60.84619509379069,0.08180057734500164,4.409603381689733,5.560566347881264,4.985084864785497,0.07289195956376492,0.6821664686731025,0.0,0.0,,,,,,,,,,,,,,,,,,,,,,,60,60,60,60,60,60,60,60,60,60,60,60,,,,,,,,,,,,,,,,,,,,,,
identity,identity_current_atoms,4.0,1iv8A05,60,2.7760260194540023,2.0937711623105724,1.9572266427758302,32.532962735493975,0.07858079523376921,4.407726784103301,5.401752539584074,4.9047396618436885,0.07336450258890787,0.8585391285055876,0.0,0.0,,,,,,,,,,,,,,,,,,,,,,,60,60,60,60,60,60,60,60,60,60,60,60,,,,,,,,,,,,,,,,,,,,,,
identity,identity_current_atoms,4.0,1j4sA00,60,3.6388638615608215,2.68657536764633,2.607410753243474,37.09147170384725,0.0858072632615791,4.406454456630003,5.674995450987911,5.040724953808957,0.07439971654801755,0.806822797207419,0.0,0.0,,,,,,,,,,,,,,,,,,,,,,,60,60,60,60,60,60,60,60,60,60,60,60,,,,,,,,,,,,,,,,,,,,,,
identity,identity_current_atoms,4.0,1jocA01,60,9.287350817521412,7.720061403901147,7.101716808152219,90.1489445368449,0.07878720151466688,4.252605865104672,5.424698569821115,4.838652217462894,0.07316319908799422,0.25076595492860637,0.0,0.0,,,,,,,,,,,,,,,,,,,,,,,60,60,60,60,60,60,60,60,60,59,59,56,,,,,,,,,,,,,,,,,,,,,,
identity,identity_current_atoms,4.0,1jqoA03,60,3.669491954644521,2.6436681926346064,2.5605761942875165,37.20612786610921,0.07840694995950152,4.274827679478821,5.135475669422815,4.705151674450816,0.0739021656267783,0.6427625306077401,0.0,0.0,,,,,,,,,,,,,,,,,,,,,,,60,60,60,60,60,60,60,60,60,60,60,60,,,,,,,,,,,,,,,,,,,,,,
identity,identity_current_atoms,4.0,1jr3C02,60,2.7119130849838258,1.958559453835183,1.8911375917401583,29.453440777460735,0.07573016141030489,4.258943293066887,5.0565970359760914,4.657770164521488,0.07338331395929511,0.6788278158471661,0.0,0.0,,,,,,,,,,,,,,,,,,,,,,,60,60,60,60,60,60,60,60,60,60,60,60,,,,,,,,,,,,,,,,,,,,,,
identity,identity_current_atoms,4.0,1k4iA00,60,3.155824633439382,2.1968685178580847,2.152980866899524,30.651781113942466,0.07999799617767628,4.3714507137033785,5.272633841234721,4.82204227746905,0.07443710547084956,0.8255685212764179,0.0,0.0,,,,,,,,,,,,,,,,,,,,,,,60,60,60,60,60,60,60,60,60,60,60,60,,,,,,,,,,,,,,,,,,,,,,
identity,identity_current_atoms,4.0,1k8kD01,60,5.131127053499222,3.643765030603945,3.534083062705582,45.96774037679037,0.07949591965444082,4.395422489174378,5.386235964524322,4.89082922684935,0.07425737441910639,0.7465533530169209,0.0,0.0,,,,,,,,,,,,,,,,,,,,,,,60,60,60,60,60,60,60,60,60,60,60,60,,,,,,,,,,,,,,,,,,,,,,
coarse,frozen P0 coarse prediction,1.0,1ad3A02,60,2.340221949418386,1.720429966687704,1.6844629781618161,24.129562250773112,0.25590287738259154,9.41154771985919,10.311635818584476,9.861591769221834,0.21302485815745448,0.8256185482000373,0.17768847639487914,0.44274965833751756,,,,,,,,,,,,,,,,,,,,,,,60,60,60,60,60,60,60,60,60,60,60,60,,,,,,,,,,,,,,,,,,,,,,
coarse,frozen P0 coarse prediction,1.0,1atgA02,60,2.22517805993557,1.5982544499224147,1.5427698164542472,27.19599197705587,0.277283669714888,12.299057122671508,13.69476951077279,12.996913316722152,0.2833813258067325,0.8103154060872122,0.15722216942912345,0.42656178721801763,,,,,,,,,,,,,,,,,,,,,,,60,60,60,60,60,60,60,60,60,60,60,60,,,,,,,,,,,,,,,,,,,,,,
coarse,frozen P0 coarse prediction,1.0,1balA00,60,4.990366023778916,4.050099651569864,3.742782175559258,59.83131710688273,0.4604475947126503,35.644717181204996,39.22805529522017,37.436386238212584,0.8380016169101,0.5157294407352705,0.11692683132887345,0.4881259512226441,,,,,,,,,,,,,,,,,,,,,,,60,60,60,60,60,60,60,60,60,60,59,60,,,,,,,,,,,,,,,,,,,,,,
coarse,frozen P0 coarse prediction,1.0,1by1A00,60,3.2696307599544525,2.3968836523309895,2.3481215289447137,30.539040994644164,0.30953263949693605,11.662902709821186,12.756153689446247,12.209528199633716,0.27941852231056263,0.6590882808003301,0.15092822223000643,0.47478248328051387,,,,,,,,,,,,,,,,,,,,,,,60,60,60,60,60,60,60,60,60,60,60,60,,,,,,,,,,,,,,,,,,,,,,
coarse,frozen P0 coarse prediction,1.0,1c80A00,60,1.8586113959550858,1.3919518062758447,1.3626855658363901,21.059920676549275,0.22962427585544098,7.520513186310814,8.37937593907768,7.949944562694247,0.16806938023420806,0.8556970093408185,0.2033670905578156,0.4142405084814819,,,,,,,,,,,,,,,,,,,,,,,60,60,60,60,60,60,60,60,60,60,60,60,,,,,,,,,,,,,,,,,,,,,,
coarse,frozen P0 coarse prediction,1.0,1ccdA00,60,4.051652838786443,3.1561571840449902,2.984819401761482,44.14727155367533,0.3549752349193989,20.64650333222876,22.73742871552454,21.691966023876653,0.48877788640393166,0.5514428084411392,0.11491947724589563,0.4586481302274322,,,,,,,,,,,,,,,,,,,,,,,60,60,60,60,60,60,60,60,60,60,60,60,,,,,,,,,,,,,,,,,,,,,,
coarse,frozen P0 coarse prediction,1.0,1ccwB02,60,2.7067357381184896,2.107950145023808,1.9852839890819463,33.413436555862425,0.3627468293429689,17.37763433526338,19.123340258504832,18.250487296884106,0.4106247289975485,0.7093555362314614,0.1592887505420172,0.4792592037598398,,,,,,,,,,,,,,,,,,,,,,,60,60,60,60,60,60,60,60,60,60,60,60,,,,,,,,,,,,,,,,,,,,,,
coarse,frozen P0 coarse prediction,1.0,1dgnA00,60,2.1868009994427364,1.7056422123411363,1.6286704085382462,26.32882679303487,0.25437820372961906,11.473788029706666,12.436023348536043,11.954905689121354,0.26179943785184256,0.7351273135958255,0.1838376860024267,0.41459973209203327,,,,,,,,,,,,,,,,,,,,,,,60,60,60,60,60,60,60,60,60,60,60,60,,,,,,,,,,,,,,,,,,,,,,
coarse,frozen P0 coarse prediction,1.0,1eb6A00,60,2.3302664011716843,1.7329453814542186,1.6945028640243365,26.76858057975769,0.2720127393102405,12.07409536750085,13.466620339381873,12.770357853441364,0.27266651558492216,0.7922291678495507,0.18972324176608119,0.4462354030751486,,,,,,,,,,,,,,,,,,,,,,,60,60,60,60,60,60,60,60,60,60,60,60,,,,,,,,,,,,,,,,,,,,,,
coarse,frozen P0 coarse prediction,1.0,1ecmA00,60,3.124978364507357,2.2759394879503985,2.1750817424667046,33.54973545074463,0.31733498059894116,14.6749944360367,16.122839924863467,15.398917180450086,0.3434380023457386,0.6372332735717472,0.19004495282885359,0.41137195030432594,,,,,,,,,,,,,,,,,,,,,,,60,60,60,60,60,60,60,60,60,60,60,60,,,,,,,,,,,,,,,,,,,,,,
coarse,frozen P0 coarse prediction,1.0,1f7uA02,60,2.6721420149008432,2.047141098417231,1.9797210142153365,29.627207612991334,0.2865467749103584,11.350517681816154,12.527920880729422,11.939219281272788,0.27590285584891355,0.661123345467457,0.1661602445933782,0.43543014234033356,,,,,,,,,,,,,,,,,,,,,,,60,60,60,60,60,60,60,60,60,60,60,60,,,,,,,,,,,,,,,,,,,,,,
coarse,frozen P0 coarse prediction,1.0,1fjrA02,60,1.9998394876718522,1.4602418861470439,1.4148422839098052,24.931643629074095,0.27535888355512256,8.89669246321049,9.996228984769964,9.446460723990226,0.20516757479598444,0.8735096793730259,0.22482935950300253,0.3928106288976902,,,,,,,,,,,,,,,,,,,,,,,60,60,60,60,60,60,60,60,60,60,60,60,,,,,,,,,,,,,,,,,,,,,,
coarse,frozen P0 coarse prediction,1.0,1fmtB01,60,2.200092138846715,1.5965982131079817,1.5646605200154307,22.61896824836731,0.24741483168530262,8.479652761757363,9.512036227678019,8.995844494717693,0.19572322543092707,0.8707029987657714,0.24166745869903292,0.42147030103960187,,,,,,,,,,,,,,,,,,,,,,,60,60,60,60,60,60,60,60,60,60,60,60,,,,,,,,,,,,,,,,,,,,,,
coarse,frozen P0 coarse prediction,1.0,1frmA00,60,3.3599224209785463,2.669817168908785,2.567218555473986,37.18639055887858,0.3400781792006215,18.05849703749089,19.80403213073571,18.9312645841133,0.41268577868030193,0.6868280287608547,0.154486263695372,0.44677102921017986,,,,,,,,,,,,,,,,,,,,,,,60,60,60,60,60,60,60,60,60,60,60,60,,,,,,,,,,,,,,,,,,,,,,
coarse,frozen P0 coarse prediction,1.0,1gk9B03,20,3.161690407991409,2.2332015837344743,2.1755925153417994,30.09152889251709,0.3102867834155538,11.55843004908536,12.979072926342493,12.268751487713924,0.2877249916270376,0.7165764268308885,0.20261197528860214,0.4136717980024322,,,,,,,,,,,,,,,,,,,,,,,20,20,20,20,20,20,20,20,20,20,20,20,,,,,,,,,,,,,,,,,,,,,,
coarse,frozen P0 coarse prediction,1.0,1gkgA02,60,2.456721818447113,1.7804483490324898,1.6907056572965113,34.23791014353434,0.3514881409120337,13.253156739004146,14.843704226951072,14.048430482977606,0.32576188954944707,0.7852651663738196,0.22784595581399056,0.3532870105099054,,,,,,,,,,,,,,,,,,,,,,,60,60,60,60,60,60,60,60,60,60,60,60,,,,,,,,,,,,,,,,,,,,,,
coarse,frozen P0 coarse prediction,1.0,1gvhA01,60,3.1601187705993654,2.391660198856591,2.32682509041124,30.90007381439209,0.3278991733113042,14.813046413069186,16.08202296610862,15.4475346895889,0.3418933528823917,0.667104829491118,0.1727497124110551,0.46832390016361264,,,,,,,,,,,,,,,,,,,,,,,60,60,60,60,60,60,60,60,60,60,60,60,,,,,,,,,,,,,,,,,,,,,,
coarse,frozen P0 coarse prediction,1.0,1gyxA01,60,4.477658434708913,3.4627825190318564,3.2419975921844357,50.9178737004598,0.4189740797932921,25.70725094657406,27.847985949481263,26.77761844802766,0.6060891427454496,0.5912068491445944,0.11839319526892768,0.48555178520392067,,,,,,,,,,,,,,,,,,,,,,,60,60,60,60,60,60,60,60,60,60,60,60,,,,,,,,,,,,,,,,,,,,,,
coarse,frozen P0 coarse prediction,1.0,1hw7A02,60,6.001967126131058,5.136515576943114,4.711283309794644,66.56124998728434,0.49262101862963303,42.269130286146336,46.38822361747134,44.32867695180882,0.9698811078558162,0.36118698146896794,0.0793434862962653,0.5535136620589045,,,,,,,,,,,,,,,,,,,,,,,60,60,60,60,60,60,60,60,60,60,59,57,,,,,,,,,,,,,,,,,,,,,,
coarse,frozen P0 coarse prediction,1.0,1i7xB00,60,5.823345971107483,4.587271686849699,4.2314857468035285,64.21241521835327,0.45124390035565365,28.503709342679834,31.154858080167166,29.8292837114235,0.6602157328277826,0.5329794416972556,0.08388023191934353,0.45826851857554085,,,,,,,,,,,,,,,,,,,,,,,60,60,60,60,60,60,60,60,60,60,60,60,,,,,,,,,,,,,,,,,,,,,,
coarse,frozen P0 coarse prediction,1.0,1ik7A00,60,4.709622544050217,3.918960726652506,3.6081692367674285,57.02179463704427,0.44254571400745557,30.00252153520659,32.910362567076035,31.456442051141313,0.7131722709030106,0.4309775101344146,0.11921798130317564,0.47912968928510163,,,,,,,,,,,,,,,,,,,,,,,60,60,60,60,60,60,60,60,60,59,59,57,,,,,,,,,,,,,,,,,,,,,,
coarse,frozen P0 coarse prediction,1.0,1in4A03,60,1.696040599544843,1.2628431015726873,1.19922649672342,21.104378255208335,0.22400079484916927,8.858021496233095,9.792163292644211,9.325092394438654,0.2040973757905466,0.7930877603212978,0.19648685311730724,0.41236471937371294,,,,,,,,,,,,,,,,,,,,,,,60,60,60,60,60,60,60,60,60,60,60,60,,,,,,,,,,,,,,,,,,,,,,
coarse,frozen P0 coarse prediction,1.0,1inlC02,60,3.847194908062617,2.948804956751182,2.7618369927020043,43.834758853912355,0.38869046113561095,21.059788329981494,23.181005511101052,22.12039692054128,0.4893249968372324,0.7503803648322563,0.2003782095136854,0.41675702318782964,,,,,,,,,,,,,,,,,,,,,,,60,60,60,60,60,60,60,60,60,60,60,60,,,,,,,,,,,,,,,,,,,,,,
coarse,frozen P0 coarse prediction,1.0,1iv8A05,60,1.920544481277466,1.4302319206204417,1.3459455604453439,24.312822643915812,0.23657717227161612,8.30233239843362,9.200378854228887,8.751355626331254,0.1734098736445109,0.8951114759451928,0.19745312048537028,0.34864328935361183,,,,,,,,,,,,,,,,,,,,,,,60,60,60,60,60,60,60,60,60,60,60,60,,,,,,,,,,,,,,,,,,,,,,
coarse,frozen P0 coarse prediction,1.0,1j4sA00,60,2.379830996195475,1.7502685550437653,1.7045658822752798,28.444769779841106,0.2778022481594914,10.820382735383971,12.046485519058914,11.433434127221444,0.2323537789687917,0.8584346120690031,0.21045732026858058,0.410156617758157,,,,,,,,,,,,,,,,,,,,,,,60,60,60,60,60,60,60,60,60,60,60,60,,,,,,,,,,,,,,,,,,,,,,
coarse,frozen P0 coarse prediction,1.0,1jocA01,60,6.469927895069122,5.436337902344482,5.046285779153951,71.64619013468425,0.484124457035156,40.99751531871889,44.62871921272619,42.813117265722546,0.935426364232928,0.38029836089602514,0.08865774087981144,0.505590440422501,,,,,,,,,,,,,,,,,,,,,,,60,60,60,60,60,60,60,60,60,59,59,53,,,,,,,,,,,,,,,,,,,,,,
coarse,frozen P0 coarse prediction,1.0,1jqoA03,60,2.5432940711577734,1.8598501254294864,1.8074203011908956,28.136082251866657,0.3160309282835008,12.023032638730943,13.366191464705627,12.694612051718286,0.2967812696289199,0.7114519447588054,0.176475234087463,0.4729380073854607,,,,,,,,,,,,,,,,,,,,,,,60,60,60,60,60,60,60,60,60,60,60,60,,,,,,,,,,,,,,,,,,,,,,
coarse,frozen P0 coarse prediction,1.0,1jr3C02,60,1.9740471442540486,1.454085045465458,1.4075643468429064,22.341946617762247,0.24572760332134555,8.245514693383134,8.931686155162625,8.58860042427288,0.19587704877551268,0.7424552189607212,0.18201014901763332,0.428394917325083,,,,,,,,,,,,,,,,,,,,,,,60,60,60,60,60,60,60,60,60,60,60,60,,,,,,,,,,,,,,,,,,,,,,
coarse,frozen P0 coarse prediction,1.0,1k4iA00,60,2.2776072372992835,1.6009131373898855,1.5720305405283306,23.922071329752605,0.2700457808028337,9.50896803169542,10.528750833297241,10.018859432496331,0.22039572640906932,0.8595255046512946,0.2188769101119998,0.43460099484844167,,,,,,,,,,,,,,,,,,,,,,,60,60,60,60,60,60,60,60,60,60,60,60,,,,,,,,,,,,,,,,,,,,,,
coarse,frozen P0 coarse prediction,1.0,1k8kD01,60,3.502901393175125,2.4288303492097416,2.36217176351191,33.32680368423462,0.3268683659230639,13.626730396434905,14.858496130607099,14.242613263521003,0.32034784918030107,0.8042060743026999,0.1400431284775968,0.44688346311468663,,,,,,,,,,,,,,,,,,,,,,,60,60,60,60,60,60,60,60,60,60,60,60,,,,,,,,,,,,,,,,,,,,,,
coarse,frozen P0 coarse prediction,4.0,1ad3A02,60,3.2362022161483766,2.453903740976735,2.401978005578523,30.185408496856688,0.3126226219522669,13.050871701397568,14.313510104278484,13.682190902838023,0.310762168589941,0.7743290431396744,0.1520803119503077,0.4712891200609929,,,,,,,,,,,,,,,,,,,,,,,60,60,60,60,60,60,60,60,60,60,60,60,,,,,,,,,,,,,,,,,,,,,,
coarse,frozen P0 coarse prediction,4.0,1atgA02,60,2.9233618418375653,2.184574699680468,2.108007062383319,34.179786984125776,0.35405747101457485,17.753715295618957,19.717458365728742,18.735586830673853,0.4240565446101956,0.7649073562452,0.15908346672031046,0.4949802640161855,,,,,,,,,,,,,,,,,,,,,,,60,60,60,60,60,60,60,60,60,60,60,60,,,,,,,,,,,,,,,,,,,,,,
coarse,frozen P0 coarse prediction,4.0,1balA00,60,6.421638494729995,5.442248429201912,5.034545854586534,73.18456392288208,0.7435058946750627,43.39141137883915,47.67538929730136,45.53340033807026,1.0507129274209341,0.3819994872892259,0.09738148331311734,0.5368471483237887,,,,,,,,,,,,,,,,,,,,,,,60,60,60,60,60,60,60,60,60,60,60,59,,,,,,,,,,,,,,,,,,,,,,
coarse,frozen P0 coarse prediction,4.0,1by1A00,60,4.480606758594513,3.1942681277527485,3.130736307398213,40.840712531407675,0.3800852931967696,17.751842331478446,19.36092164374562,18.55638198761203,0.4175712034201775,0.5511452224451776,0.13352604498166315,0.4972464112956309,,,,,,,,,,,,,,,,,,,,,,,60,60,60,60,60,60,60,60,60,60,60,60,,,,,,,,,,,,,,,,,,,,,,
coarse,frozen P0 coarse prediction,4.0,1c80A00,60,2.393005833029747,1.7246739821024375,1.688600481010449,25.374174865086875,0.2652869902555716,9.474356669882546,10.487460320592039,9.980908495237292,0.22326901014436756,0.8309587613969815,0.21411617251231563,0.437763839584007,,,,,,,,,,,,,,,,,,,,,,,60,60,60,60,60,60,60,60,60,60,60,60,,,,,,,,,,,,,,,,,,,,,,
coarse,frozen P0 coarse prediction,4.0,1ccdA00,60,5.639246795574824,4.724048573210766,4.46106274762622,56.522731145222984,0.5104299504508452,27.964466160548508,30.446335505448676,29.205400832998592,0.6636801344553631,0.4413625055686692,0.09680704441783854,0.5361574629954204,,,,,,,,,,,,,,,,,,,,,,,60,60,60,60,60,60,60,60,60,60,60,59,,,,,,,,,,,,,,,,,,,,,,
coarse,frozen P0 coarse prediction,4.0,1ccwB02,60,4.047302457690239,3.2334532853873537,3.0448699063838713,45.62267942428589,0.45699146484318426,26.76180613830906,29.09259685104771,27.927201494678386,0.6454417654413445,0.6352619199925091,0.1532794157680598,0.49695547895305026,,,,,,,,,,,,,,,,,,,,,,,60,60,60,60,60,60,60,60,60,60,60,60,,,,,,,,,,,,,,,,,,,,,,
coarse,frozen P0 coarse prediction,4.0,1dgnA00,60,2.5858466108640035,2.0232971027361635,1.9357129969851674,31.11035313606262,0.3369029072298238,15.14751026968266,16.374558954954686,15.761034612318673,0.35786843033451027,0.6788634758705311,0.17167160183049773,0.48370027327988363,,,,,,,,,,,,,,,,,,,,,,,60,60,60,60,60,60,60,60,60,60,60,60,,,,,,,,,,,,,,,,,,,,,,
coarse,frozen P0 coarse prediction,4.0,1eb6A00,60,3.2786134759585064,2.498890493746928,2.441107667271919,33.71320487658183,0.34498580337626555,15.211645678261357,16.863285283773347,16.037465481017353,0.3617901527619159,0.7431551021977244,0.16964761018696278,0.46354596785270713,,,,,,,,,,,,,,,,,,,,,,,60,60,60,60,60,60,60,60,60,60,60,60,,,,,,,,,,,,,,,,,,,,,,
coarse,frozen P0 coarse prediction,4.0,1ecmA00,60,4.4009504596392315,3.369867001913358,3.220064063470029,43.8212709903717,0.4046422147152492,22.00379672103785,23.894952991663356,22.949374856350605,0.5172078177498446,0.5186574615019661,0.16440745042195593,0.450975461517071,,,,,,,,,,,,,,,,,,,,,,,60,60,60,60,60,60,60,60,60,60,60,60,,,,,,,,,,,,,,,,,,,,,,
coarse,frozen P0 coarse prediction,4.0,1f7uA02,60,3.745879677931468,2.783626564379065,2.6931655863666126,38.722075414657596,0.3537283336348925,17.52491089694521,19.266204671546664,18.395557784245934,0.41545470897709175,0.5747539767053061,0.15596819208950496,0.483897530095448,,,,,,,,,,,,,,,,,,,,,,,60,60,60,60,60,60,60,60,60,60,60,60,,,,,,,,,,,,,,,,,,,,,,
coarse,frozen P0 coarse prediction,4.0,1fjrA02,60,2.612359603246053,1.9388611665524251,1.8775178470412366,30.960512320200603,0.32666540001836314,12.390936874796893,13.964040855436592,13.177488865116741,0.29616454045778967,0.8318112849922928,0.19683431078157881,0.3923195148287214,,,,,,,,,,,,,,,,,,,,,,,60,60,60,60,60,60,60,60,60,60,60,60,,,,,,,,,,,,,,,,,,,,,,
coarse,frozen P0 coarse prediction,4.0,1fmtB01,60,2.7790719230969745,2.0823858920497416,2.041026978285221,26.9922802289327,0.29737436236114784,11.03584024928649,12.173976468717957,11.604908359002224,0.2601077123927311,0.8456007038994972,0.23021485639365422,0.42631376515694536,,,,,,,,,,,,,,,,,,,,,,,60,60,60,60,60,60,60,60,60,60,60,60,,,,,,,,,,,,,,,,,,,,,,
coarse,frozen P0 coarse prediction,4.0,1frmA00,60,4.845396373669306,3.946132514135363,3.788553000078003,48.210497268040974,0.4605811433505297,23.177554259082846,25.588529803447766,24.383042031265305,0.552022495875283,0.6060293479474917,0.12767737336357066,0.48355107085855964,,,,,,,,,,,,,,,,,,,,,,,60,60,60,60,60,60,60,60,60,60,60,60,,,,,,,,,,,,,,,,,,,,,,
coarse,frozen P0 coarse prediction,4.0,1gk9B03,20,3.9756237268447876,2.913151391665726,2.839884344201729,38.828015089035034,0.37317834643896086,17.54228758130055,19.314083063462302,18.428185322381424,0.4246744903968648,0.651031845252391,0.16826309498567596,0.4812879880548099,,,,,,,,,,,,,,,,,,,,,,,20,20,20,20,20,20,20,20,20,20,20,20,,,,,,,,,,,,,,,,,,,,,,
coarse,frozen P0 coarse prediction,4.0,1gkgA02,60,3.159025937318802,2.394092413946078,2.272942410212038,42.712310266494754,0.4101040452084091,20.829488364511906,23.347673473519553,22.088580919015733,0.5029480455297174,0.7169049641633458,0.18725841784026712,0.4034275755384577,,,,,,,,,,,,,,,,,,,,,,,60,60,60,60,60,60,60,60,60,60,60,60,,,,,,,,,,,,,,,,,,,,,,
coarse,frozen P0 coarse prediction,4.0,1gvhA01,60,4.343900396426519,3.2892834760920544,3.1986993444240204,39.323853969573975,0.42629398569702087,20.16541694367458,21.706349218334005,20.935883081004288,0.4711744564401657,0.5671718596132549,0.14996012945480697,0.5018349841654206,,,,,,,,,,,,,,,,,,,,,,,60,60,60,60,60,60,60,60,60,60,60,60,,,,,,,,,,,,,,,,,,,,,,
coarse,frozen P0 coarse prediction,4.0,1gyxA01,60,6.008748294909795,5.023982890311373,4.706243873220897,64.06763575871786,0.6265133877906165,37.275543502621424,40.42210117326662,38.84882233794403,0.8848006751151785,0.469875583287472,0.11322085535500301,0.5897201580013909,,,,,,,,,,,,,,,,,,,,,,,60,60,60,60,60,60,60,60,60,60,60,60,,,,,,,,,,,,,,,,,,,,,,
coarse,frozen P0 coarse prediction,4.0,1hw7A02,60,7.862200526396434,7.299697770437878,6.694941563464261,85.45766061147054,0.8397753654431167,52.86650175444462,57.35020715745187,55.10835445594824,1.2748081628055798,0.22912864564271,0.042465586949471064,0.6535130191739913,,,,,,,,,,,,,,,,,,,,,,,60,60,60,60,60,60,60,60,60,60,60,59,,,,,,,,,,,,,,,,,,,,,,
coarse,frozen P0 coarse prediction,4.0,1i7xB00,60,7.415250074863434,6.0647614106930945,5.617937380012994,82.11671571731567,0.627262174621904,42.99493751643543,46.75960970083936,44.877273608637395,1.0206603792850815,0.3744898297178176,0.06350183194171438,0.6111306058243614,,,,,,,,,,,,,,,,,,,,,,,60,60,60,60,60,60,60,60,60,60,60,60,,,,,,,,,,,,,,,,,,,,,,
coarse,frozen P0 coarse prediction,4.0,1ik7A00,60,6.580841791629791,5.975656083461508,5.499894081570107,73.550865427653,0.6893213258111681,40.77202039805789,44.183802858139764,42.47791162809884,0.962734225689391,0.30987182283191195,0.11320077686323682,0.5649073722547536,,,,,,,,,,,,,,,,,,,,,,,60,60,60,60,60,60,60,60,60,60,60,57,,,,,,,,,,,,,,,,,,,,,,
coarse,frozen P0 coarse prediction,4.0,1in4A03,60,2.1040519227584205,1.5469004291652007,1.471629128530727,25.360786771774293,0.2778452503119213,11.864711129914156,13.135099925136444,12.4999055275253,0.2805693646372707,0.7627577232648146,0.18172480956926867,0.4770181811630376,,,,,,,,,,,,,,,,,,,,,,,60,60,60,60,60,60,60,60,60,60,60,60,,,,,,,,,,,,,,,,,,,,,,
coarse,frozen P0 coarse prediction,4.0,1inlC02,60,5.504832420746485,4.238469185210836,3.974502281166058,58.98123133977254,0.49313193390015475,30.179446652259987,33.55344500368279,31.866445827971386,0.7295118341133707,0.6839053990282588,0.1766068849346659,0.4486146315159319,,,,,,,,,,,,,,,,,,,,,,,60,60,60,60,60,60,60,60,60,60,60,60,,,,,,,,,,,,,,,,,,,,,,
coarse,frozen P0 coarse prediction,4.0,1iv8A05,60,2.5803379356861114,1.927416549994229,1.8170594518599608,30.563278834025066,0.2960384975893277,11.605838884785676,12.850457201164252,12.228148042974963,0.26319146737838406,0.8646353052456185,0.1870851099139981,0.3792910841024431,,,,,,,,,,,,,,,,,,,,,,,60,60,60,60,60,60,60,60,60,60,60,60,,,,,,,,,,,,,,,,,,,,,,
coarse,frozen P0 coarse prediction,4.0,1j4sA00,60,3.3215131084124248,2.4446859558315652,2.3777229802107676,35.280813995997114,0.3430419583205272,13.816269468268967,15.494826170078559,14.655547819173764,0.3147050074058342,0.8118819757977328,0.19481915743259332,0.4214615367596324,,,,,,,,,,,,,,,,,,,,,,,60,60,60,60,60,60,60,60,60,60,60,60,,,,,,,,,,,,,,,,,,,,,,
coarse,frozen P0 coarse prediction,4.0,1jocA01,60,8.284435935815175,7.460355981024974,6.9425197794687765,87.94976250330608,0.8461252802156959,53.133050033611624,56.83212529334268,54.98258766347715,1.2431873520046977,0.24233403316531285,0.08746337690369738,0.6030981508154977,,,,,,,,,,,,,,,,,,,,,,,60,60,60,60,60,60,60,60,60,59,59,56,,,,,,,,,,,,,,,,,,,,,,
coarse,frozen P0 coarse prediction,4.0,1jqoA03,60,3.4243654121955234,2.4736142006976674,2.4060325620785026,35.33731007575989,0.37401469801643816,17.982569060887272,19.905024844332104,18.943796952609695,0.43263295038658034,0.6441685757173763,0.16381649285943511,0.5198040615773373,,,,,,,,,,,,,,,,,,,,,,,60,60,60,60,60,60,60,60,60,60,60,60,,,,,,,,,,,,,,,,,,,,,,
coarse,frozen P0 coarse prediction,4.0,1jr3C02,60,2.5089090089003245,1.8454555748014836,1.788043788071088,27.20994906425476,0.2878554812514057,12.656788746798128,13.677011727467125,13.166900237132628,0.292782733209698,0.6933105180636802,0.17575141424140237,0.4868148107019124,,,,,,,,,,,,,,,,,,,,,,,60,60,60,60,60,60,60,60,60,60,60,60,,,,,,,,,,,,,,,,,,,,,,
coarse,frozen P0 coarse prediction,4.0,1k4iA00,60,2.933086790641149,2.086683454926846,2.0501658087426584,28.887487252553303,0.33625849450478157,13.214758293495729,14.598725366327916,13.906741829911823,0.31145927791216577,0.8307011903134093,0.20800522960610393,0.4252020454740644,,,,,,,,,,,,,,,,,,,,,,,60,60,60,60,60,60,60,60,60,60,60,60,,,,,,,,,,,,,,,,,,,,,,
coarse,frozen P0 coarse prediction,4.0,1k8kD01,60,4.731781216462453,3.341675943928487,3.250382616235326,43.845199743906655,0.40316978721836033,19.547807687926177,21.365202834890752,20.456505261408463,0.4598550029247999,0.7452640418965056,0.11777323391140003,0.4846518833132666,,,,,,,,,,,,,,,,,,,,,,,60,60,60,60,60,60,60,60,60,60,60,60,,,,,,,,,,,,,,,,,,,,,,
refined,frozen P0 + trained H1b,1.0,1ad3A02,60,2.3655981083710986,1.7390034947572353,1.7013895727286346,24.01795663833618,0.1214889632308535,5.111959891804232,5.9239346915841855,5.5179472916942105,0.09000731535588753,0.8261743974369081,0.18735710783238144,0.3661377464105488,,,,,,,,,,,,,,,,,,,,,,,60,60,60,60,60,60,60,60,60,60,60,60,,,,,,,,,,,,,,,,,,,,,,
refined,frozen P0 + trained H1b,1.0,1atgA02,60,2.2453583826621375,1.60854751329155,1.549461920167708,27.075511089960735,0.13038984758646952,5.83102317286606,6.703504638109521,6.26726390548779,0.10529408127437402,0.8122855990436941,0.17155569882172658,0.34454912910340435,,,,,,,,,,,,,,,,,,,,,,,60,60,60,60,60,60,60,60,60,60,60,60,,,,,,,,,,,,,,,,,,,,,,
refined,frozen P0 + trained H1b,1.0,1balA00,60,5.051348288853963,4.0593757890988265,3.728748402610667,59.894824822743736,0.24419476974404292,15.2154837057642,15.366055515876884,15.290769610820542,0.3059182044665018,0.5210964661706949,0.13351603676999668,0.4087439051755017,,,,,,,,,,,,,,,,,,,,,,,60,60,60,60,60,60,60,60,60,60,59,60,,,,,,,,,,,,,,,,,,,,,,
refined,frozen P0 + trained H1b,1.0,1by1A00,60,3.302840592463811,2.419167101059294,2.3683897353480585,30.452157481511435,0.13111771402204794,5.332262001788954,6.103178157647859,5.717720079718406,0.09668358539541562,0.6659088844271169,0.16200651578599315,0.3922268741024014,,,,,,,,,,,,,,,,,,,,,,,60,60,60,60,60,60,60,60,60,60,60,60,,,,,,,,,,,,,,,,,,,,,,
refined,frozen P0 + trained H1b,1.0,1c80A00,60,1.8765489012002945,1.4079631322404111,1.377551778249479,20.993692763646443,0.10521557997731452,4.605391260594729,5.45945269225763,5.032421976426178,0.08013197654171993,0.8562613917632121,0.18745381577394948,0.35078488264559077,,,,,,,,,,,,,,,,,,,,,,,60,60,60,60,60,60,60,60,60,60,60,60,,,,,,,,,,,,,,,,,,,,,,
refined,frozen P0 + trained H1b,1.0,1ccdA00,60,4.097262085477511,3.1729325029739885,2.9933985533770096,44.12106075286865,0.1732239519714595,8.517773223087433,9.234090261955801,8.875931742521614,0.16457795137829254,0.5582891632687279,0.11911006949581367,0.36049328324117363,,,,,,,,,,,,,,,,,,,,,,,60,60,60,60,60,60,60,60,60,60,60,60,,,,,,,,,,,,,,,,,,,,,,
refined,frozen P0 + trained H1b,1.0,1ccwB02,60,2.725924802819888,2.108764349907229,1.9761479427332211,33.39121095339457,0.1469697416887809,6.045732703239185,7.118439599659384,6.5820861514492846,0.10855624315066216,0.7128466421662044,0.17068582872372906,0.3906216187319125,,,,,,,,,,,,,,,,,,,,,,,60,60,60,60,60,60,60,60,60,60,60,60,,,,,,,,,,,,,,,,,,,,,,
refined,frozen P0 + trained H1b,1.0,1dgnA00,60,2.2007433742284777,1.7139523213749182,1.6336723730228613,26.346274280548094,0.12355844382080562,5.8509754663353055,6.422180912931754,6.1365781896335285,0.10513434951955622,0.7439600133398057,0.19173181388919344,0.33934811664177006,,,,,,,,,,,,,,,,,,,,,,,60,60,60,60,60,60,60,60,60,60,60,60,,,,,,,,,,,,,,,,,,,,,,
refined,frozen P0 + trained H1b,1.0,1eb6A00,60,2.3507797171672187,1.7485301351774583,1.7081091367507808,26.65180466969808,0.12915509667368272,6.086340323804921,6.739700062434171,6.413020193119546,0.11048182554994569,0.7940324270856381,0.18663244339116447,0.37664016599164557,,,,,,,,,,,,,,,,,,,,,,,60,60,60,60,60,60,60,60,60,60,60,60,,,,,,,,,,,,,,,,,,,,,,
refined,frozen P0 + trained H1b,1.0,1ecmA00,60,3.1548756738503774,2.278992020617081,2.1730168101433733,33.46403408050537,0.13758681479958665,5.972802789170172,6.817830712817464,6.3953167509938185,0.10872770457356065,0.6446877233926196,0.19906079315354866,0.3433306620449684,,,,,,,,,,,,,,,,,,,,,,,60,60,60,60,60,60,60,60,60,60,60,60,,,,,,,,,,,,,,,,,,,,,,
refined,frozen P0 + trained H1b,1.0,1f7uA02,60,2.70073069135348,2.0624093645737758,1.991953064299494,29.601673316955566,0.12598875488074276,5.2205428923434605,5.995951005581395,5.608246948962427,0.09340897361117025,0.6635884299021172,0.16508729858795093,0.3600502373809887,,,,,,,,,,,,,,,,,,,,,,,60,60,60,60,60,60,60,60,60,60,60,60,,,,,,,,,,,,,,,,,,,,,,
refined,frozen P0 + trained H1b,1.0,1fjrA02,60,2.018055498600006,1.4743284594976116,1.4266138089604954,24.810975392659504,0.1162508913585155,5.080226282570018,5.958620306347259,5.519423294458639,0.08513929228628833,0.8723506984699949,0.20905607169805823,0.35460402370945415,,,,,,,,,,,,,,,,,,,,,,,60,60,60,60,60,60,60,60,60,60,60,60,,,,,,,,,,,,,,,,,,,,,,
refined,frozen P0 + trained H1b,1.0,1fmtB01,60,2.2259378959735234,1.6155093230078101,1.5820987234898132,22.537272389729818,0.11792038605144754,4.977050793756775,5.819229396128503,5.398140094942638,0.08727625241031997,0.8703189677750323,0.2407672553226897,0.3465459645439833,,,,,,,,,,,,,,,,,,,,,,,60,60,60,60,60,60,60,60,60,60,60,60,,,,,,,,,,,,,,,,,,,,,,
refined,frozen P0 + trained H1b,1.0,1frmA00,60,3.396654463807742,2.6858859724129474,2.5781803334478517,37.19345674514771,0.15770984353513645,7.663898394717128,8.351674929842277,8.007786662279704,0.14346358985181845,0.6932253723756073,0.1544371079069901,0.37965612442218555,,,,,,,,,,,,,,,,,,,,,,,60,60,60,60,60,60,60,60,60,60,60,60,,,,,,,,,,,,,,,,,,,,,,
refined,frozen P0 + trained H1b,1.0,1gk9B03,20,3.189418262243271,2.2507590979027747,2.1908648829190605,30.155273962020875,0.12588665168797528,5.678805348550336,6.511853966592881,6.095329657571608,0.10174160923808814,0.7228564892265983,0.2194970661927366,0.35687892263168053,,,,,,,,,,,,,,,,,,,,,,,20,20,20,20,20,20,20,20,20,20,20,20,,,,,,,,,,,,,,,,,,,,,,
refined,frozen P0 + trained H1b,1.0,1gkgA02,60,2.4756157368421556,1.7865967817250819,1.689545036018945,34.143311421076454,0.1442579360631335,5.6753401718115235,6.743661371537925,6.209500771674724,0.09708233458154343,0.7906752510893259,0.21594279364828078,0.33264331392207763,,,,,,,,,,,,,,,,,,,,,,,60,60,60,60,60,60,60,60,60,60,60,60,,,,,,,,,,,,,,,,,,,,,,
refined,frozen P0 + trained H1b,1.0,1gvhA01,60,3.184120378891627,2.3976690727033527,2.329246285369899,30.839984862009683,0.17579090515930246,6.778084418726332,7.491707334484905,7.134895876605618,0.12704379162212617,0.6710611544313411,0.17242003900662098,0.3842334676029316,,,,,,,,,,,,,,,,,,,,,,,60,60,60,60,60,60,60,60,60,60,60,60,,,,,,,,,,,,,,,,,,,,,,
refined,frozen P0 + trained H1b,1.0,1gyxA01,60,4.524683171510697,3.4706421974199952,3.2377262667965696,50.937912718454996,0.19072681808492525,10.071390504424077,10.636388176145774,10.353889340284924,0.19286292898591864,0.5936845864606733,0.12433944323775417,0.3579791653923749,,,,,,,,,,,,,,,,,,,,,,,60,60,60,60,60,60,60,60,60,60,60,60,,,,,,,,,,,,,,,,,,,,,,
refined,frozen P0 + trained H1b,1.0,1hw7A02,60,6.066446048021317,5.122829135081479,4.675465010782466,66.61551020940145,0.24641941105566337,16.067129893591773,15.732408187573158,15.899769040582465,0.31711036719027014,0.3847117493924787,0.09520859980927147,0.4390403364991709,,,,,,,,,,,,,,,,,,,,,,,60,60,60,60,60,60,60,60,60,60,59,56,,,,,,,,,,,,,,,,,,,,,,
refined,frozen P0 + trained H1b,1.0,1i7xB00,60,5.898429709672928,4.609695076803818,4.2398856692576095,64.12836847305297,0.1987749571324865,9.03911983506013,9.583750671873139,9.311435253466634,0.17046722819407778,0.5447354682899489,0.09217038165511297,0.387562809021665,,,,,,,,,,,,,,,,,,,,,,,60,60,60,60,60,60,60,60,60,60,60,60,,,,,,,,,,,,,,,,,,,,,,
refined,frozen P0 + trained H1b,1.0,1ik7A00,60,4.7661268750826515,3.9025063724288334,3.5748539363963414,57.022360197703044,0.2136023565350668,11.180682537089952,11.620482144987683,11.40058234103882,0.21221182287908072,0.431742657745613,0.13164567260714993,0.34684972992724383,,,,,,,,,,,,,,,,,,,,,,,60,60,60,60,60,60,60,60,60,59,57,57,,,,,,,,,,,,,,,,,,,,,,
refined,frozen P0 + trained H1b,1.0,1in4A03,60,1.697447794675827,1.2671396612404755,1.2000802863416207,21.075343147913614,0.10687597206561392,5.000998199359642,5.714287744599926,5.357642971979784,0.0912521547562367,0.7961092838329012,0.19450871212301543,0.34195052738961185,,,,,,,,,,,,,,,,,,,,,,,60,60,60,60,60,60,60,60,60,60,60,60,,,,,,,,,,,,,,,,,,,,,,
refined,frozen P0 + trained H1b,1.0,1inlC02,60,3.8953861554463702,2.960411055846969,2.760897154486719,43.716570695241295,0.16918908074045805,7.5758989233911915,8.176182126306964,7.876040524849077,0.13698841018020794,0.7518012288895158,0.20113826048917616,0.3530500145231714,,,,,,,,,,,,,,,,,,,,,,,60,60,60,60,60,60,60,60,60,60,60,60,,,,,,,,,,,,,,,,,,,,,,
refined,frozen P0 + trained H1b,1.0,1iv8A05,60,1.9307933022578558,1.4381569251933546,1.3502190531157272,24.276435152689615,0.11303255281912807,4.898778390295482,5.787120985842484,5.342949688068982,0.08311369773669122,0.896745108081662,0.19914505221388445,0.3101462448810032,,,,,,,,,,,,,,,,,,,,,,,60,60,60,60,60,60,60,60,60,60,60,60,,,,,,,,,,,,,,,,,,,,,,
refined,frozen P0 + trained H1b,1.0,1j4sA00,60,2.4146899074316024,1.7767781788356738,1.7285456362403944,28.3711877822876,0.1449968380883277,5.7904754864998695,6.697856998203482,6.244166242351677,0.09837448525804658,0.857153459987769,0.18005074490773365,0.3420100306091562,,,,,,,,,,,,,,,,,,,,,,,60,60,60,60,60,60,60,60,60,60,60,60,,,,,,,,,,,,,,,,,,,,,,
refined,frozen P0 + trained H1b,1.0,1jocA01,60,6.554702069362005,5.450048302687396,5.041407558457933,71.61196133295695,0.24769765393278537,14.456675067576318,14.394431716283618,14.42555339192997,0.2788294128105465,0.4033586227160453,0.10620818184422193,0.3878175297048984,,,,,,,,,,,,,,,,,,,,,,,60,60,60,60,60,60,60,60,60,59,58,53,,,,,,,,,,,,,,,,,,,,,,
refined,frozen P0 + trained H1b,1.0,1jqoA03,60,2.5683238794406256,1.8786853807284853,1.8224096160926513,28.06418582598368,0.13504476418672168,5.440213669441437,6.21337320884938,5.82679343914541,0.10093122653517068,0.7181620752319126,0.18121873585930218,0.4000886293513299,,,,,,,,,,,,,,,,,,,,,,,60,60,60,60,60,60,60,60,60,60,60,60,,,,,,,,,,,,,,,,,,,,,,
refined,frozen P0 + trained H1b,1.0,1jr3C02,60,1.9914385577042897,1.4657850439417301,1.416774927551456,22.2918337504069,0.10964354348544801,4.606054673990309,5.236655309790027,4.921354991890167,0.08115843685533722,0.7478017002206402,0.17081149475071405,0.35339036583419187,,,,,,,,,,,,,,,,,,,,,,,60,60,60,60,60,60,60,60,60,60,60,60,,,,,,,,,,,,,,,,,,,,,,
refined,frozen P0 + trained H1b,1.0,1k4iA00,60,2.302013455828031,1.6134408079608282,1.5828035987360636,23.822813288370767,0.12393830151592956,5.193852435218672,6.0531119773740345,5.623482206296354,0.0936964031799819,0.8585777577715675,0.20505608343654375,0.37718927453680157,,,,,,,,,,,,,,,,,,,,,,,60,60,60,60,60,60,60,60,60,60,60,60,,,,,,,,,,,,,,,,,,,,,,
refined,frozen P0 + trained H1b,1.0,1k8kD01,60,3.5406379103660583,2.4507538391854737,2.380551175874669,33.25561402638753,0.1414501636545351,6.229711204539651,6.886911280682552,6.5583112426111025,0.1103496541844474,0.8060092550763096,0.13556340604862852,0.38374798875009636,,,,,,,,,,,,,,,,,,,,,,,60,60,60,60,60,60,60,60,60,60,60,60,,,,,,,,,,,,,,,,,,,,,,
refined,frozen P0 + trained H1b,4.0,1ad3A02,60,3.272512961427371,2.4787284945813477,2.424214767740906,30.10524566968282,0.1496569503755007,6.81699765814676,7.574152411938913,7.195575035042835,0.1270902427918313,0.7756103997108768,0.15234505940821802,0.4028590721596796,,,,,,,,,,,,,,,,,,,,,,,60,60,60,60,60,60,60,60,60,60,60,60,,,,,,,,,,,,,,,,,,,,,,
refined,frozen P0 + trained H1b,4.0,1atgA02,60,2.945352915922801,2.1874534180814087,2.106036994692588,34.00813728968303,0.18333163001224345,9.086958073838256,9.82201027924685,9.454484176542556,0.17749364265689144,0.7677287775037136,0.17296471239036446,0.4234749606599245,,,,,,,,,,,,,,,,,,,,,,,60,60,60,60,60,60,60,60,60,60,60,60,,,,,,,,,,,,,,,,,,,,,,
refined,frozen P0 + trained H1b,4.0,1balA00,60,6.487207605441411,5.434121887311535,5.00333565848379,73.2609229405721,0.4416545018472592,25.046185563092916,24.882669282682564,24.96442742288774,0.5323331573506197,0.3840002441385695,0.09478691692231797,0.4450349043101236,,,,,,,,,,,,,,,,,,,,,,,60,60,60,60,60,60,60,60,60,60,60,59,,,,,,,,,,,,,,,,,,,,,,
refined,frozen P0 + trained H1b,4.0,1by1A00,60,4.525773723920186,3.2207533497863268,3.1543263876687075,40.79855362574259,0.18673937444362035,7.937409463940621,8.520675813463821,8.229042638702222,0.15154547874027718,0.5595207632356495,0.14063715691051232,0.4202216255906384,,,,,,,,,,,,,,,,,,,,,,,60,60,60,60,60,60,60,60,60,60,60,60,,,,,,,,,,,,,,,,,,,,,,
refined,frozen P0 + trained H1b,4.0,1c80A00,60,2.4195228854815167,1.7399796070069506,1.7023290543712337,25.280501937866212,0.12333839865610466,5.474954659779747,6.191003125941539,5.832978892860643,0.09705905605826462,0.8308900744043037,0.2086033205296462,0.3706786952295131,,,,,,,,,,,,,,,,,,,,,,,60,60,60,60,60,60,60,60,60,60,60,60,,,,,,,,,,,,,,,,,,,,,,
refined,frozen P0 + trained H1b,4.0,1ccdA00,60,5.693899037440618,4.7412217160167724,4.468723112845018,56.589838314056394,0.27708587067060114,14.143453196577697,14.664276079215652,14.403864637896673,0.2881911282605595,0.4491864349302414,0.10525110717976435,0.4411352457791447,,,,,,,,,,,,,,,,,,,,,,,60,60,60,60,60,60,60,60,60,60,60,59,,,,,,,,,,,,,,,,,,,,,,
refined,frozen P0 + trained H1b,4.0,1ccwB02,60,4.0691270967324575,3.2146993583048693,3.013340574664256,45.612672583262125,0.21678727332526795,12.275535627995929,12.683168866653393,12.479352247324659,0.24404024723248607,0.6429728905172145,0.15965399756535587,0.44430532608777956,,,,,,,,,,,,,,,,,,,,,,,60,60,60,60,60,60,60,60,60,60,60,60,,,,,,,,,,,,,,,,,,,,,,
refined,frozen P0 + trained H1b,4.0,1dgnA00,60,2.6050053934256234,2.0309356689092364,1.938777664395818,31.01256717046102,0.16792360514371016,8.027692442830908,8.475735657587643,8.251714050209277,0.15427430340963783,0.6861759103216547,0.18532613608285686,0.4079983423382026,,,,,,,,,,,,,,,,,,,,,,,60,60,60,60,60,60,60,60,60,60,60,60,,,,,,,,,,,,,,,,,,,,,,
refined,frozen P0 + trained H1b,4.0,1eb6A00,60,3.3100669076045355,2.515574482423758,2.455396986109189,33.60839983622233,0.16934335952186658,8.227565040420977,8.959664534794927,8.593614787607951,0.15990537609058347,0.7443272717018005,0.1710480047689343,0.39732587711618034,,,,,,,,,,,,,,,,,,,,,,,60,60,60,60,60,60,60,60,60,60,60,60,,,,,,,,,,,,,,,,,,,,,,
refined,frozen P0 + trained H1b,4.0,1ecmA00,60,4.444566263755163,3.371171787532853,3.2140341480646404,43.787559795379636,0.20213180022060045,10.24343335222438,10.694469886224102,10.468951619224242,0.1987390749266854,0.5253787382277995,0.1719891719167894,0.3586352290695081,,,,,,,,,,,,,,,,,,,,,,,60,60,60,60,60,60,60,60,60,60,60,60,,,,,,,,,,,,,,,,,,,,,,
refined,frozen P0 + trained H1b,4.0,1f7uA02,60,3.7809597412745157,2.793851912839827,2.6993391120701973,38.67846206029256,0.17677825569386346,7.949722658216181,8.619270176670629,8.284496417443405,0.15168477533965982,0.5791470210594605,0.16892748415087624,0.3928977120083871,,,,,,,,,,,,,,,,,,,,,,,60,60,60,60,60,60,60,60,60,60,60,60,,,,,,,,,,,,,,,,,,,,,,
refined,frozen P0 + trained H1b,4.0,1fjrA02,60,2.642593316237132,1.9559880764164042,1.8912800446948876,30.79548929532369,0.15108552148780832,6.056291611391604,7.04622804595599,6.551259828673796,0.11106568469155219,0.8323041270625798,0.18062604520008085,0.3407185657827073,,,,,,,,,,,,,,,,,,,,,,,60,60,60,60,60,60,60,60,60,60,60,60,,,,,,,,,,,,,,,,,,,,,,
refined,frozen P0 + trained H1b,4.0,1fmtB01,60,2.809969371557236,2.0983121181139475,2.054988986199279,26.925448767344157,0.14576939400266806,6.077485963862101,6.894203503508631,6.485844733685366,0.11009130654372963,0.8465834225302762,0.2433673422290055,0.3583838747910544,,,,,,,,,,,,,,,,,,,,,,,60,60,60,60,60,60,60,60,60,60,60,60,,,,,,,,,,,,,,,,,,,,,,
refined,frozen P0 + trained H1b,4.0,1frmA00,60,4.8801286041736605,3.959187908386298,3.796108504953111,48.261385679244995,0.23607997267461933,11.76905727328647,12.288748165418928,12.028902719352697,0.23586004643213182,0.6071273945645773,0.1314608079350259,0.40248553391556047,,,,,,,,,,,,,,,,,,,,,,,60,60,60,60,60,60,60,60,60,60,60,60,,,,,,,,,,,,,,,,,,,,,,
refined,frozen P0 + trained H1b,4.0,1gk9B03,20,4.015631121397019,2.924970734709963,2.8483132059902867,38.90092992782593,0.17835431784163608,8.275468233689164,8.984333214651318,8.629900724170241,0.16289565594866873,0.6539261279627365,0.1682520935945403,0.40910836464574396,,,,,,,,,,,,,,,,,,,,,,,20,20,20,20,20,20,20,20,20,20,20,20,,,,,,,,,,,,,,,,,,,,,,
refined,frozen P0 + trained H1b,4.0,1gkgA02,60,3.1853919019301733,2.3867309346405023,2.255560392307969,42.67281427383423,0.19720204751136255,8.983396111820692,9.864659873525076,9.424027992672883,0.16830909469840571,0.7209086859564473,0.18975005867571676,0.35562402394364245,,,,,,,,,,,,,,,,,,,,,,,60,60,60,60,60,60,60,60,60,60,60,60,,,,,,,,,,,,,,,,,,,,,,
refined,frozen P0 + trained H1b,4.0,1gvhA01,60,4.385409871737163,3.2994925105930304,3.2047198829434733,39.25580328305562,0.260594727671777,9.922175304440916,10.403864174391325,10.16301973941612,0.1998339143064287,0.5757521388891097,0.16455212357853868,0.41126496817473335,,,,,,,,,,,,,,,,,,,,,,,60,60,60,60,60,60,60,60,60,60,60,60,,,,,,,,,,,,,,,,,,,,,,
refined,frozen P0 + trained H1b,4.0,1gyxA01,60,6.0489075442155205,5.004431372617863,4.67283777973631,64.08631750742595,0.3302889373166948,18.303062976526558,18.44005125228257,18.371557114404563,0.3776886628576056,0.47798691556839645,0.12075102802269261,0.4905841232408645,,,,,,,,,,,,,,,,,,,,,,,60,60,60,60,60,60,60,60,60,60,60,60,,,,,,,,,,,,,,,,,,,,,,
refined,frozen P0 + trained H1b,4.0,1hw7A02,60,7.9250049710273744,7.262629129293021,6.638676706206194,85.50687567392985,0.4820953386139301,29.771361181104297,28.562737554632488,29.16704936786839,0.6408125271906658,0.2423898163059956,0.05312066455434962,0.5265602916016958,,,,,,,,,,,,,,,,,,,,,,,60,60,60,60,60,60,60,60,60,60,60,59,,,,,,,,,,,,,,,,,,,,,,
refined,frozen P0 + trained H1b,4.0,1i7xB00,60,7.506961723168691,6.089844089939656,5.624456057456528,82.13574609756469,0.33214803121818454,19.967579219653874,20.145992046053724,20.056785632853796,0.4238825056701899,0.3829375518943239,0.07355277436137819,0.5310953280059952,,,,,,,,,,,,,,,,,,,,,,,60,60,60,60,60,60,60,60,60,60,60,60,,,,,,,,,,,,,,,,,,,,,,
refined,frozen P0 + trained H1b,4.0,1ik7A00,60,6.6450288434823355,5.94823853588862,5.454645372299499,73.69004373550415,0.41253419183149215,20.008724249160572,20.374503330083144,20.191613789621854,0.4083034597970302,0.3137934505499149,0.12245379547496009,0.4678959915042796,,,,,,,,,,,,,,,,,,,,,,,60,60,60,60,60,60,60,60,60,60,60,57,,,,,,,,,,,,,,,,,,,,,,
refined,frozen P0 + trained H1b,4.0,1in4A03,60,2.114672753214836,1.555631053745805,1.4745619870295315,25.212633053461712,0.13301753789820434,6.417658687612034,7.062253997204894,6.7399563424084645,0.1207617165000589,0.7652198766747783,0.21824441502650638,0.39331618965151305,,,,,,,,,,,,,,,,,,,,,,,60,60,60,60,60,60,60,60,60,60,60,60,,,,,,,,,,,,,,,,,,,,,,
refined,frozen P0 + trained H1b,4.0,1inlC02,60,5.5579909960428875,4.237697089614308,3.958193826943739,59.003175512949625,0.2504721602081527,14.219375208889469,14.171183259667853,14.195279234278663,0.2826334611448661,0.684712941297357,0.17493897467385164,0.3910773690939283,,,,,,,,,,,,,,,,,,,,,,,60,60,60,60,60,60,60,60,60,60,60,60,,,,,,,,,,,,,,,,,,,,,,
refined,frozen P0 + trained H1b,4.0,1iv8A05,60,2.6002786298592886,1.9353249354613746,1.8179507360945102,30.535035864512125,0.14065621446999402,6.436845910577023,7.065889001634669,6.751367456105847,0.11231798870441244,0.8669219277425992,0.19683308892812335,0.3482576298429167,,,,,,,,,,,,,,,,,,,,,,,60,60,60,60,60,60,60,60,60,60,60,60,,,,,,,,,,,,,,,,,,,,,,
refined,frozen P0 + trained H1b,4.0,1j4sA00,60,3.363140611847242,2.4699450500484272,2.400318054928667,35.23429807027181,0.18739317344939257,7.499126276748133,8.439085383785187,7.969105830266661,0.136080990013507,0.8115111196334557,0.1780232646284479,0.349714461926325,,,,,,,,,,,,,,,,,,,,,,,60,60,60,60,60,60,60,60,60,60,60,60,,,,,,,,,,,,,,,,,,,,,,
refined,frozen P0 + trained H1b,4.0,1jocA01,60,8.367866349220275,7.4391708437531925,6.902870843198898,87.91904265085856,0.5383604577264691,29.263231366839136,28.457803784940246,28.860517575889688,0.6004973153694201,0.24785872441483392,0.10039954331341863,0.5561892737742228,,,,,,,,,,,,,,,,,,,,,,,60,60,60,60,60,60,60,60,60,59,59,56,,,,,,,,,,,,,,,,,,,,,,
refined,frozen P0 + trained H1b,4.0,1jqoA03,60,3.457491334279378,2.4856594871470605,2.412819691143011,35.28935559590658,0.18034593126469473,7.895204413782873,8.621044733870882,8.258124573826878,0.1522639784888894,0.6507159870269624,0.17397999076597126,0.4394040319643498,,,,,,,,,,,,,,,,,,,,,,,60,60,60,60,60,60,60,60,60,60,60,60,,,,,,,,,,,,,,,,,,,,,,
refined,frozen P0 + trained H1b,4.0,1jr3C02,60,2.535898979504903,1.8574901525246061,1.79600834286772,27.179931036631267,0.14128509202647824,6.023113120097543,6.703271692743146,6.363192406420343,0.11039156700297163,0.6968892473545394,0.18766268056990001,0.40516318015881564,,,,,,,,,,,,,,,,,,,,,,,60,60,60,60,60,60,60,60,60,60,60,60,,,,,,,,,,,,,,,,,,,,,,
refined,frozen P0 + trained H1b,4.0,1k4iA00,60,2.964888487259547,2.0986436012260903,2.0595134600024876,28.80860069592794,0.1698034696980973,6.701758455541361,7.478406158181051,7.0900823068612056,0.1259573111769765,0.8327855628647687,0.21030148343849467,0.3707378208151171,,,,,,,,,,,,,,,,,,,,,,,60,60,60,60,60,60,60,60,60,60,60,60,,,,,,,,,,,,,,,,,,,,,,
refined,frozen P0 + trained H1b,4.0,1k8kD01,60,4.785847324132919,3.3706918497554246,3.2745247794061547,43.795593897501625,0.2095573541293611,9.001808407763962,9.49436899861027,9.248088703187117,0.1711237992975447,0.7476362641183297,0.11461014147868703,0.4186475099761541,,,,,,,,,,,,,,,,,,,,,,,60,60,60,60,60,60,60,60,60,60,60,60,,,,,,,,,,,,,,,,,,,,,,
identity,identity_current_atoms,1.0,1ad3A02,60,,,,,,,,,,,,,2.9257862349351247,2.493326418598493,3.2528503239154816,0.00013026739111112254,0.0004624599157236371,1.5468811368483764e-05,1.2145612667994269e-05,0.054188034188034195,0.028524764509267705,0.15833333333333333,0.6463139658657173,0.6454768451776134,0.6457239978115177,0.8094761757231427,0.5815782009760018,0.5052544678321715,,0.0,0.0,,0.0,0.0,,,,,,,,,,,,,60,60,60,60,60,60,60,60,60,60,60,60,60,60,60,60,0,60,60,0,60,60
identity,identity_current_atoms,1.0,1atgA02,60,,,,,,,,,,,,,2.914357304573059,2.372039582331975,3.3589373509089153,0.00025788935851155814,0.0008494765887239006,3.172517402793043e-05,6.65421378087674e-06,0.05871559633027523,0.022440585009140767,0.16272189349112423,0.6540398285063898,0.6497383274764885,0.6515671466349178,0.8034033933544038,0.5891105831769392,0.49267195119655927,,0.0,0.0,,0.0,0.0,,,,,,,,,,,,,60,60,60,60,60,60,60,60,60,60,60,60,60,60,60,60,0,60,60,0,60,60
identity,identity_current_atoms,1.0,1balA00,60,,,,,,,,,,,,,6.237916088104248,5.396180427074432,6.855070447921753,0.0005166175288126507,0.0018151815181518152,3.2510050642416915e-05,4.33947058458868e-05,0.05032679738562092,0.022510822510822516,0.06712328767123288,0.5181401726603644,0.5198622445188361,0.5177182746701641,0.7155056048032782,0.4027283931951243,0.30976381050089835,,0.0,0.0,,0.0,0.0,,,,,,,,,,,,,60,60,60,60,60,60,60,60,60,60,60,60,60,60,60,60,0,60,60,0,60,60
identity,identity_current_atoms,1.0,1by1A00,60,,,,,,,,,,,,,4.012419478098551,3.464496676127116,4.441123950481415,0.00012010250908874188,0.0004607852179794626,7.476151794635861e-06,8.202831559890745e-06,0.025279106858054227,0.02110042735042735,0.15489614243323443,0.6158505427534245,0.6118510894018471,0.6136765878132983,0.8083334630636971,0.5332613637709946,0.41182409103008166,,0.0,0.0,,0.0,0.0,,,,,,,,,,,,,60,60,60,60,60,60,60,60,60,60,60,60,60,60,60,60,0,60,60,0,60,60
identity,identity_current_atoms,1.0,1c80A00,60,,,,,,,,,,,,,2.5579029579957324,1.9893202344576517,2.975612946351369,0.0001221503203841021,0.0004753188746143574,1.1020559311428789e-05,1.0484750333898973e-05,0.051134380453752175,0.02081425995283673,0.1515817901234568,0.663410732705363,0.6629580643968817,0.663018455498569,0.8335465017532159,0.5981149792528163,0.531373065506295,,0.0,0.0,,0.0,0.0,,,,,,,,,,,,,60,60,60,60,60,60,60,60,60,60,60,60,60,60,60,60,0,60,60,0,60,60
identity,identity_current_atoms,1.0,1ccdA00,60,,,,,,,,,,,,,5.009546317656835,4.359286232789358,5.4612751483917235,0.0003421992764118204,0.0012039903680770554,4.136126661664838e-05,1.667458709553705e-05,0.04199134199134199,0.02498984977669509,0.13333333333333333,0.5773869342851725,0.5760904028021453,0.5760579070399096,0.7781798367969956,0.47551722174839506,0.33458588405037026,,0.0,0.0,,0.0,0.0,,,,,,,,,,,,,60,60,60,60,60,60,60,60,60,60,60,60,60,60,60,60,0,60,60,0,60,60
identity,identity_current_atoms,1.0,1ccwB02,60,,,,,,,,,,,,,3.5739024957021077,2.8142250488201777,4.10072444876035,0.00034709507082050523,0.0013789391270307297,3.239725932972139e-05,4.844707484418374e-05,0.05707070707070707,0.020609945609945612,0.15908119658119657,0.6027847293308298,0.6015142731049937,0.6014450761989775,0.7965209397562092,0.5209674303696553,0.45259142561964794,,0.0,0.0,,0.0,0.0,,,,,,,,,,,,,60,60,60,60,60,60,60,60,60,60,60,60,60,60,60,60,0,60,60,0,60,60
identity,identity_current_atoms,1.0,1dgnA00,60,,,,,,,,,,,,,3.024931744734446,2.346235505739848,3.5213710844516752,0.00030236348144042484,0.0010981103406950863,2.4582516244014997e-05,3.087182020251914e-05,0.02546816479400749,0.023804780876494024,0.07806267806267805,0.6623680241856637,0.6599389328738432,0.6608857241698719,0.8274922086637666,0.5798822244718614,0.4569014981249269,,0.0,0.0,,0.0,0.0,,,,,,,,,,,,,60,60,60,60,60,60,60,60,60,60,60,60,60,60,60,60,0,60,60,0,60,60
identity,identity_current_atoms,1.0,1eb6A00,60,,,,,,,,,,,,,2.9483015259106953,2.452403782804807,3.3932986557483673,0.00015573524671091428,0.0005137243540218044,1.6337755873082868e-05,1.9457487532636292e-05,0.05225988700564972,0.02319559228650138,0.20262096774193547,0.6737753550580391,0.6747186718955018,0.6740609850974107,0.8107289333613275,0.6099879091567629,0.5471960465207282,,0.0,0.0,,0.0,0.0,,,,,,,,,,,,,60,60,60,60,60,60,60,60,60,60,60,60,60,60,60,60,0,60,60,0,60,60
identity,identity_current_atoms,1.0,1ecmA00,60,,,,,,,,,,,,,4.091657567024231,3.3405254145463306,4.587722539901733,0.0002629404800580148,0.0010492121956210353,1.415998069317415e-05,2.5081335186963443e-05,0.03168498168498169,0.01993263034563562,0.0672077922077922,0.6105226255956794,0.6071213296877576,0.6084383122021856,0.8061231803317246,0.5099786166842252,0.38054610968227526,,0.0,0.0,,0.0,0.0,,,,,,,,,,,,,60,60,60,60,60,60,60,60,60,60,60,60,60,60,60,60,0,60,60,0,60,60
identity,identity_current_atoms,1.0,1f7uA02,60,,,,,,,,,,,,,3.4536435186862944,2.8143167475859325,3.890223038196564,0.000203429117370051,0.0007686660620978538,1.5330012743073094e-05,1.0619627306974303e-05,0.027200000000000005,0.02115646258503401,0.1452755905511811,0.6224751227178872,0.6259440616601616,0.6239035100103953,0.8168174907992776,0.5372245292817935,0.4173021519468197,,0.0,0.0,,0.0,0.0,,,,,,,,,,,,,60,60,60,60,60,60,60,60,60,60,60,60,60,60,60,60,0,60,60,0,60,60
identity,identity_current_atoms,1.0,1fjrA02,60,,,,,,,,,,,,,2.6995942175388334,2.130828662713369,3.099199197689692,0.00017437090145138408,0.0006949842380273782,2.0542160883160758e-05,9.227236885939368e-06,0.09213333333333333,0.023061774461028185,0.1870816599732263,0.6229704305563819,0.6243031830442678,0.623394378494304,0.7966608926893096,0.5555578146548054,0.518986099352002,,0.0,0.0,,0.0,0.0,,,,,,,,,,,,,60,60,60,60,60,60,60,60,60,60,60,60,60,60,60,60,0,60,60,0,60,60
identity,identity_current_atoms,1.0,1fmtB01,60,,,,,,,,,,,,,2.8736372788747153,2.362651285529137,3.2867937525113424,0.00013569886861446314,0.0004504364089775561,1.6998352467376238e-05,1.089857796398901e-05,0.05688225538971807,0.026301325573876495,0.1370580808080808,0.6854558272997481,0.6814145460240297,0.683281360793547,0.8369152059678385,0.6147593258332728,0.5414331993568282,,0.0,0.0,,0.0,0.0,,,,,,,,,,,,,60,60,60,60,60,60,60,60,60,60,60,60,60,60,60,60,0,60,60,0,60,60
identity,identity_current_atoms,1.0,1frmA00,60,,,,,,,,,,,,,4.169720268249511,3.5894013424714406,4.635162276029587,0.00023230298333462018,0.0008361543669600541,3.294207396362501e-05,1.708647744386297e-05,0.05723270440251572,0.02529886016124548,0.19156249999999997,0.5858723544648238,0.5901814069029712,0.5876770815061313,0.7785605045508515,0.5076116890669737,0.42935473950311565,,0.0,0.0,,0.0,0.0,,,,,,,,,,,,,60,60,60,60,60,60,60,60,60,60,60,60,60,60,60,60,0,60,60,0,60,60
identity,identity_current_atoms,1.0,1gk9B03,20,,,,,,,,,,,,,3.7475211799144743,3.3171181321144103,4.113828712701798,0.0001647805752780672,0.0005831386292834891,1.9146256842538102e-05,1.0638297872340426e-05,0.040372670807453416,0.024972004479283317,0.1438538205980066,0.6272687049781978,0.6407526211255583,0.6336955987870708,0.8037453040698066,0.5623561467876657,0.4869061719952392,,0.0,0.0,,0.0,0.0,,,,,,,,,,,,,20,20,20,20,20,20,20,20,20,20,20,20,20,20,20,20,0,20,20,0,20,20
identity,identity_current_atoms,1.0,1gkgA02,60,,,,,,,,,,,,,3.189013002316157,2.553668220837911,3.744159917036692,0.000362881386531865,0.0012281737512523257,5.7112042552148435e-05,1.7963876277884835e-05,0.08333333333333334,0.0269742883379247,0.1880758807588076,0.5823423171613741,0.5862443058177278,0.5837170328696115,0.7431514681268528,0.5142209949392432,0.4815892759194448,,0.0,0.0,,0.0,0.0,,,,,,,,,,,,,60,60,60,60,60,60,60,60,60,60,60,60,60,60,60,60,0,60,60,0,60,60
identity,identity_current_atoms,1.0,1gvhA01,60,,,,,,,,,,,,,3.7936730961004894,3.4356911102930705,4.028295109669368,0.00017707105053543684,0.0006488527614435605,1.3872153829665977e-05,1.0075693648534616e-05,0.025900900900900903,0.023643410852713174,0.1873390557939914,0.6242945193328918,0.6225165468520857,0.6231056263169876,0.8051063132670779,0.5435927389902654,0.43283857752711224,,0.0,0.0,,0.0,0.0,,,,,,,,,,,,,60,60,60,60,60,60,60,60,60,60,60,60,60,60,60,60,0,60,60,0,60,60
identity,identity_current_atoms,1.0,1gyxA01,60,,,,,,,,,,,,,5.5607559045155845,4.7882672091325125,6.1357806404431665,0.0003759244463565035,0.0014367995667208266,3.567429627893654e-05,2.0542317173377156e-05,0.05390625,0.024663978494623654,0.10757575757575759,0.5275702297444147,0.5273258412741009,0.5265378218251225,0.7472029196805395,0.4240396956593882,0.306463776805697,,0.0,0.0,,0.0,0.0,,,,,,,,,,,,,60,60,60,60,60,60,60,60,60,60,60,60,60,60,60,60,0,60,60,0,60,60
identity,identity_current_atoms,1.0,1hw7A02,60,,,,,,,,,,,,,7.294520843029022,6.574429142475128,7.702105438709259,0.0004434607203685825,0.001823507180650038,4.372242278379464e-05,2.1263346546984403e-05,0.05500000000000001,0.02569553805774278,0.1611111111111111,0.48858054318714655,0.4780503922903017,0.48131961708348997,0.7286414092220688,0.36940278349720046,0.2465119588685612,,0.0,0.0,,0.0,0.0,,,,,,,,,,,,,60,60,60,60,60,60,60,60,60,60,60,60,60,60,60,60,0,60,60,0,60,60
identity,identity_current_atoms,1.0,1i7xB00,60,,,,,,,,,,,,,6.810924430688222,6.1406878689924875,7.290731501579285,0.00045424495832396215,0.0015164085545722713,0.00011336449118121627,2.6791694574681843e-05,0.08128654970760234,0.0266173245614035,0.20160642570281123,0.49528077064838516,0.4867613983987405,0.48934133801624197,0.7111956745584199,0.3879370883943876,0.3093312538337552,,0.0,0.0,,0.0,0.0,,,,,,,,,,,,,60,60,60,60,60,60,60,60,60,60,60,60,60,60,60,60,0,60,60,0,60,60
identity,identity_current_atoms,1.0,1ik7A00,60,,,,,,,,,,,,,5.937986107667287,5.02781817317009,6.536901930967967,0.00041284339310267414,0.001799765213528777,1.9349845201238388e-05,1.970754010484411e-05,0.042628205128205116,0.02041198501872659,0.17782152230971127,0.5107819863517702,0.5108093763591436,0.5096217565555241,0.7390778067669552,0.40606564295128755,0.2606475572109737,,0.0,0.0,,0.0,0.0,,,,,,,,,,,,,60,60,60,60,60,60,60,60,60,60,60,60,60,60,60,60,0,60,60,0,60,60
identity,identity_current_atoms,1.0,1in4A03,60,,,,,,,,,,,,,2.5647443016370137,1.8054761250813802,3.060902174313863,0.0003420206580477461,0.0012859755728883246,1.774054833720926e-05,4.130327725619152e-05,0.024,0.029707602339181287,0.034305555555555554,0.6958854454305186,0.6841318052863132,0.6896671389530405,0.8546959172335228,0.6143956915551391,0.4847501949448597,,0.0,0.0,,0.0,0.0,,,,,,,,,,,,,60,60,60,60,60,60,60,60,60,60,60,60,60,60,60,60,0,60,60,0,60,60
identity,identity_current_atoms,1.0,1inlC02,60,,,,,,,,,,,,,4.900616310040156,4.0585946043332415,5.4338940223058065,0.0003131366570602513,0.0013097321168187312,2.6691988624016177e-05,3.0345592952886303e-05,0.07682291666666667,0.022715053763440858,0.19466230936819168,0.5476626001402156,0.5428839626844872,0.5446826284265891,0.7564661723081306,0.45190834737791635,0.4097814189447732,,0.0,0.0,,0.0,0.0,,,,,,,,,,,,,60,60,60,60,60,60,60,60,60,60,60,60,60,60,60,60,0,60,60,0,60,60
identity,identity_current_atoms,1.0,1iv8A05,60,,,,,,,,,,,,,2.736952954530716,2.0002782742182412,3.215536520878474,0.00032249332062191777,0.0012458406733215897,2.272324995096562e-05,4.633306857294148e-05,0.07601010101010103,0.025819000819000817,0.15486111111111114,0.6276025083108834,0.6317835612262683,0.6290522390619965,0.8107404577409394,0.5415495117854545,0.4958952649699904,,0.0,0.0,,0.0,0.0,,,,,,,,,,,,,60,60,60,60,60,60,60,60,60,60,60,60,60,60,60,60,0,60,60,0,60,60
identity,identity_current_atoms,1.0,1j4sA00,60,,,,,,,,,,,,,2.905121845006943,2.51288298368454,3.272897030909856,0.00017047525599887266,0.0005591766008432675,2.71132177196587e-05,1.5750928385012472e-05,0.10604026845637585,0.025062421972534332,0.21889312977099243,0.6385011666007185,0.638937865866834,0.6383844636737123,0.7886803432060792,0.5741007952971064,0.525998117316804,,0.0,0.0,,0.0,0.0,,,,,,,,,,,,,60,60,60,60,60,60,60,60,60,60,60,60,60,60,60,60,0,60,60,0,60,60
identity,identity_current_atoms,1.0,1jocA01,60,,,,,,,,,,,,,8.01552970012029,7.011764746904373,8.741265753904978,0.00038001348163127746,0.0015423966196648148,1.3438093277522356e-05,3.343587000133743e-05,0.041111111111111105,0.019069664902998232,0.03223270440251573,0.5105447216027713,0.5047122698206525,0.5061860711889704,0.7207670464474522,0.37979935529770653,0.24995918411553927,,0.0,0.0,,0.0,0.0,,,,,,,,,,,,,60,60,60,60,60,60,60,60,60,60,60,60,60,60,60,60,0,60,60,0,60,60
identity,identity_current_atoms,1.0,1jqoA03,60,,,,,,,,,,,,,3.1444322168827057,2.697438405950864,3.486408054828644,0.00017562883087339165,0.0006842320261437907,1.267011818161959e-05,1.6354960363272528e-05,0.03260340632603406,0.01993521790341578,0.16655052264808362,0.6373351695340977,0.6399577916623926,0.6384830309090911,0.8156960158203935,0.5661950695753853,0.4787955626344867,,0.0,0.0,,0.0,0.0,,,,,,,,,,,,,60,60,60,60,60,60,60,60,60,60,60,60,60,60,60,60,0,60,60,0,60,60
identity,identity_current_atoms,1.0,1jr3C02,60,,,,,,,,,,,,,2.6218730390071867,2.10174752275149,2.9521726071834564,0.0002216124557716314,0.0007996632996632998,1.7888927648232124e-05,1.90977647723578e-05,0.02322404371584699,0.02028244460676893,0.10249597423510469,0.6777945651753075,0.6828433838758549,0.6801422358483425,0.853684980858274,0.6036972772426968,0.466853514340079,,0.0,0.0,,0.0,0.0,,,,,,,,,,,,,60,60,60,60,60,60,60,60,60,60,60,60,60,60,60,60,0,60,60,0,60,60
identity,identity_current_atoms,1.0,1k4iA00,60,,,,,,,,,,,,,2.863881043593089,2.411362565557162,3.2696829617023466,0.00012514707160611837,0.0004102142124858361,1.523634527832482e-05,1.5051894828305773e-05,0.06535493827160493,0.02513932821208013,0.10755287009063447,0.6756867913743788,0.6746051019737538,0.674991477842001,0.8302265611147716,0.6044851150636755,0.5426136683883914,,0.0,0.0,,0.0,0.0,,,,,,,,,,,,,60,60,60,60,60,60,60,60,60,60,60,60,60,60,60,60,0,60,60,0,60,60
identity,identity_current_atoms,1.0,1k8kD01,60,,,,,,,,,,,,,4.3112426420052845,3.7364790161450703,4.700901250044505,0.00015479452054794517,0.0006069582871908452,1.4414840713819406e-05,1.7807696938079375e-05,0.05121412803532009,0.0259944415494181,0.16031746031746028,0.6026157666526427,0.6034842676889649,0.6026791901238754,0.799256178247209,0.5173217961858823,0.4490785888105224,,0.0,0.0,,0.0,0.0,,,,,,,,,,,,,60,60,60,60,60,60,60,60,60,60,60,60,60,60,60,60,0,60,60,0,60,60
identity,identity_current_atoms,4.0,1ad3A02,60,,,,,,,,,,,,,3.8868288397789,3.4793269942204157,4.176492746671041,0.00013116765939106997,0.00046560702833063893,1.5928850368289972e-05,1.1544344714133165e-05,0.05478632478632479,0.028722272865390464,0.15904040404040404,0.6012563422296288,0.6030859989286286,0.602004219222222,0.7894061749147939,0.5284833240571813,0.4427822970312439,,0.0,0.0,,0.0,0.0,,,,,,,,,,,,,60,60,60,60,60,60,60,60,60,60,60,60,60,60,60,60,0,60,60,0,60,60
identity,identity_current_atoms,4.0,1atgA02,60,,,,,,,,,,,,,3.7254874567190805,3.161103496948878,4.177085230747859,0.00025733508282894246,0.0008492987995676168,3.0804120588409875e-05,6.65421378087674e-06,0.058715596330275226,0.022958561852528942,0.16015779092702168,0.6158398291177456,0.6090301393315627,0.6119748047026934,0.7768630656770241,0.5448448774398569,0.4408109447481629,,0.0,0.0,,0.0,0.0,,,,,,,,,,,,,60,60,60,60,60,60,60,60,60,60,60,60,60,60,60,60,0,60,60,0,60,60
identity,identity_current_atoms,4.0,1balA00,60,,,,,,,,,,,,,7.9886597434679665,7.078187863032023,8.638502554098766,0.0005159474671669794,0.0017953795379537956,3.800470708902258e-05,5.2693571384291124e-05,0.04640522875816992,0.023283858998144717,0.06575342465753424,0.4481021344041091,0.44653391077509375,0.4459473452600285,0.66151791025074,0.31636654407873016,0.2318204904778844,,0.0,0.0,,0.0,0.0,,,,,,,,,,,,,60,60,60,60,60,60,60,60,60,60,60,60,60,60,60,60,0,60,60,0,60,60
identity,identity_current_atoms,4.0,1by1A00,60,,,,,,,,,,,,,5.438639211654663,4.811471738417944,5.921425767739614,0.00011894630192502531,0.0004563176381971346,6.925025220031295e-06,9.114257288767492e-06,0.026156299840510364,0.021173878205128206,0.1557368941641939,0.5510663538071768,0.5498114360619398,0.5502210297422174,0.7699716924942261,0.4584500307896756,0.3214562430511371,,0.0,0.0,,0.0,0.0,,,,,,,,,,,,,60,60,60,60,60,60,60,60,60,60,60,60,60,60,60,60,0,60,60,0,60,60
identity,identity_current_atoms,4.0,1c80A00,60,,,,,,,,,,,,,3.224822425842285,2.572933700680733,3.712828868627548,0.00012190190712380226,0.0004764700465073445,9.882415906470149e-06,1.0646054185189727e-05,0.05287958115183245,0.020710223331946182,0.15158179012345682,0.6246893776325926,0.6259940911553806,0.6251863144623272,0.8160261825259528,0.5526563328863124,0.47617131277929686,,0.0,0.0,,0.0,0.0,,,,,,,,,,,,,60,60,60,60,60,60,60,60,60,60,60,60,60,60,60,60,0,60,60,0,60,60
identity,identity_current_atoms,4.0,1ccdA00,60,,,,,,,,,,,,,6.839469462633133,6.1099856694539385,7.342526229222615,0.00033869682185380185,0.0011939571150097466,4.039937669533098e-05,1.5007128385983342e-05,0.03722943722943724,0.024015428339423463,0.13218390804597704,0.5156624874547957,0.5170932369790037,0.5153461845534353,0.73901964751947,0.40123333389049454,0.2537019915636888,,0.0,0.0,,0.0,0.0,,,,,,,,,,,,,60,60,60,60,60,60,60,60,60,60,60,60,60,60,60,60,0,60,60,0,60,60
identity,identity_current_atoms,4.0,1ccwB02,60,,,,,,,,,,,,,5.093719929456711,4.309456403056781,5.634750417868296,0.0003563629952123259,0.001420043061264435,3.584377627969175e-05,4.1027252570750195e-05,0.06363636363636363,0.021114996114996114,0.1580128205128205,0.5459218209795046,0.5491267429159143,0.5468365042126246,0.7623886640071671,0.457910031404399,0.38132914740417284,,0.0,0.0,,0.0,0.0,,,,,,,,,,,,,60,60,60,60,60,60,60,60,60,60,60,60,60,60,60,60,0,60,60,0,60,60
identity,identity_current_atoms,4.0,1dgnA00,60,,,,,,,,,,,,,3.5330493211746217,2.7937962879737217,4.077440784374873,0.00029533177256971737,0.001075639873309365,2.332545575426423e-05,2.822566418516036e-05,0.02621722846441948,0.02343957503320053,0.07820512820512819,0.6278454884768434,0.6269921617701162,0.6271276209809826,0.8083088973988314,0.5379875921589219,0.4101579013404751,,0.0,0.0,,0.0,0.0,,,,,,,,,,,,,60,60,60,60,60,60,60,60,60,60,60,60,60,60,60,60,0,60,60,0,60,60
identity,identity_current_atoms,4.0,1eb6A00,60,,,,,,,,,,,,,3.989582536617915,3.4573411593834558,4.4707902550697325,0.0001578132143013592,0.0005188213580564855,1.675376354577711e-05,2.1343235223023946e-05,0.04934086629001882,0.02368227731864096,0.20053763440860214,0.6300941045872122,0.6364937730329832,0.6330359020427179,0.7849449753022169,0.5614187172305268,0.49004448212204627,,0.0,0.0,,0.0,0.0,,,,,,,,,,,,,60,60,60,60,60,60,60,60,60,60,60,60,60,60,60,60,0,60,60,0,60,60
identity,identity_current_atoms,4.0,1ecmA00,60,,,,,,,,,,,,,5.5874556481838225,4.776169061660767,6.123693760236105,0.00025849932896032044,0.0010320748925721302,1.4898762294557149e-05,2.22148968798819e-05,0.02802197802197802,0.0205477445811365,0.0683982683982684,0.55954880177576,0.5559409052809529,0.5572822786310891,0.7779422031717886,0.4458441196943924,0.29456211888691014,,0.0,0.0,,0.0,0.0,,,,,,,,,,,,,60,60,60,60,60,60,60,60,60,60,60,60,60,60,60,60,0,60,60,0,60,60
identity,identity_current_atoms,4.0,1f7uA02,60,,,,,,,,,,,,,4.753940582275391,4.008238200346629,5.2517635782559715,0.00020057920978848256,0.000756115861294641,1.6630326323958755e-05,9.222307924477684e-06,0.025600000000000005,0.02212018140589569,0.1461286089238845,0.5703059342507907,0.5743914895842629,0.5720561768077789,0.78517373890171,0.47834904906637693,0.3396919823366233,,0.0,0.0,,0.0,0.0,,,,,,,,,,,,,60,60,60,60,60,60,60,60,60,60,60,60,60,60,60,60,0,60,60,0,60,60
identity,identity_current_atoms,4.0,1fjrA02,60,,,,,,,,,,,,,3.4511286596457165,2.8159482459227245,3.903594273328781,0.0001726118003018115,0.0006859426955132357,1.9400929722985157e-05,1.2702429998825624e-05,0.08600000000000001,0.02236733001658375,0.18634538152610444,0.5737749755638404,0.5715922904405393,0.5723613766288896,0.7661659980947566,0.4979648767766346,0.4554039698476826,,0.0,0.0,,0.0,0.0,,,,,,,,,,,,,60,60,60,60,60,60,60,60,60,60,60,60,60,60,60,60,0,60,60,0,60,60
identity,identity_current_atoms,4.0,1fmtB01,60,,,,,,,,,,,,,3.558871046702067,2.9927748779455823,4.017471289634704,0.00013574207105591953,0.00045116375727348294,1.6794953378023017e-05,1.070279512631256e-05,0.05447761194029851,0.026066925315227932,0.13819444444444443,0.6500982612518383,0.6524478409981573,0.6509840494713889,0.8200259834646414,0.5739542893333858,0.4982015859323111,,0.0,0.0,,0.0,0.0,,,,,,,,,,,,,60,60,60,60,60,60,60,60,60,60,60,60,60,60,60,60,0,60,60,0,60,60
identity,identity_current_atoms,4.0,1frmA00,60,,,,,,,,,,,,,5.817151381572088,5.17765442331632,6.332229803005855,0.0002364495486916395,0.0008513879485443465,3.352000508579388e-05,1.668911750330802e-05,0.06273584905660377,0.02543786488740617,0.1905208333333333,0.5179523127837681,0.5245411862896673,0.5206456140932797,0.7324396413342241,0.42881772502901455,0.34865609138883735,,0.0,0.0,,0.0,0.0,,,,,,,,,,,,,60,60,60,60,60,60,60,60,60,60,60,60,60,60,60,60,0,60,60,0,60,60
identity,identity_current_atoms,4.0,1gk9B03,20,,,,,,,,,,,,,4.695981031656265,4.218462085723877,5.0830176830291744,0.00016618350587253993,0.000584598909657321,2.0688237259386805e-05,1.1729405346426623e-05,0.0422360248447205,0.023292273236282197,0.1483388704318937,0.5894458895341518,0.5943770830399455,0.5915869934276891,0.777014385257459,0.5172391343254287,0.4293023805047985,,0.0,0.0,,0.0,0.0,,,,,,,,,,,,,20,20,20,20,20,20,20,20,20,20,20,20,20,20,20,20,0,20,20,0,20,20
identity,identity_current_atoms,4.0,1gkgA02,60,,,,,,,,,,,,,4.100542134046554,3.33835767408212,4.770103696982066,0.0003614370825058674,0.0012187813081436952,5.882785498933746e-05,1.9052596052302096e-05,0.09685990338164253,0.026675849403122134,0.18929539295392955,0.5206217295637907,0.5254400065336556,0.5221706151835667,0.6950728536273542,0.4439173836534075,0.4175064458141718,,0.0,0.0,,0.0,0.0,,,,,,,,,,,,,60,60,60,60,60,60,60,60,60,60,60,60,60,60,60,60,0,60,60,0,60,60
identity,identity_current_atoms,4.0,1gvhA01,60,,,,,,,,,,,,,5.116078595320384,4.772533798217774,5.29657111565272,0.0001793071098238035,0.0006548099465775012,1.52743932059499e-05,1.0180648790706852e-05,0.023873873873873883,0.02332538262770821,0.18834048640915593,0.5705367771894468,0.5737179696339134,0.5718980284943493,0.7744922964642548,0.47961196152371943,0.36682711966017595,,0.0,0.0,,0.0,0.0,,,,,,,,,,,,,60,60,60,60,60,60,60,60,60,60,60,60,60,60,60,60,0,60,60,0,60,60
identity,identity_current_atoms,4.0,1gyxA01,60,,,,,,,,,,,,,7.458236348628998,6.618114670117696,8.08897489309311,0.00037221129617110197,0.0014373203349581302,3.0987162461266045e-05,1.4748330278322061e-05,0.051041666666666666,0.02455197132616488,0.10924242424242424,0.4474266847319343,0.4515005592541,0.4480158806642715,0.6857249566485184,0.3325190383077616,0.21863664622237663,,0.0,0.0,,0.0,0.0,,,,,,,,,,,,,60,60,60,60,60,60,60,60,60,60,60,60,60,60,60,60,0,60,60,0,60,60
identity,identity_current_atoms,4.0,1hw7A02,60,,,,,,,,,,,,,9.498615288734436,8.647692843278248,9.99196982383728,0.0004399287323302487,0.0018063285920428779,4.6530284797432826e-05,1.7466320377880043e-05,0.05733333333333334,0.02540682414698163,0.16210317460317458,0.4163142963963165,0.40950597742905404,0.4108152268547776,0.6640382795882935,0.2818118559012494,0.18131474440379586,,0.0,0.0,,0.0,0.0,,,,,,,,,,,,,60,60,60,60,60,60,60,60,60,60,60,60,60,60,60,60,0,60,60,0,60,60
identity,identity_current_atoms,4.0,1i7xB00,60,,,,,,,,,,,,,8.882953210671742,8.106157477696737,9.434041039148967,0.000469409174862159,0.001584887273493468,0.0001084960774495076,2.6791694574681846e-05,0.08216374269005848,0.026315789473684206,0.20060240963855422,0.3974859607737994,0.39433834049280847,0.3938652949683887,0.6364119670987495,0.2823623043047103,0.20556514288955646,,0.0,0.0,,0.0,0.0,,,,,,,,,,,,,60,60,60,60,60,60,60,60,60,60,60,60,60,60,60,60,0,60,60,0,60,60
identity,identity_current_atoms,4.0,1ik7A00,60,,,,,,,,,,,,,8.019604357083638,7.020616497596105,8.674782693386078,0.00040196986278306256,0.0017640713243226092,1.4691549134273591e-05,1.7736786094359702e-05,0.03301282051282052,0.021207865168539328,0.17874015748031494,0.43189175557943327,0.4376999856983996,0.43312119426149326,0.6775618879976424,0.316020826254363,0.18148129650599504,,0.0,0.0,,0.0,0.0,,,,,,,,,,,,,60,60,60,60,60,60,60,60,60,60,60,60,60,60,60,60,0,60,60,0,60,60
identity,identity_current_atoms,4.0,1in4A03,60,,,,,,,,,,,,,3.1161634624004364,2.2915846298138303,3.6546829183896383,0.0003415456293560131,0.0012867313622347179,1.600505991291705e-05,4.249471794627397e-05,0.027555555555555555,0.02949317738791423,0.03444444444444444,0.6600333786720488,0.6604167894387085,0.6597799540346148,0.8423558513521195,0.5804150788009124,0.4302874109164149,,0.0,0.0,,0.0,0.0,,,,,,,,,,,,,60,60,60,60,60,60,60,60,60,60,60,60,60,60,60,60,0,60,60,0,60,60
identity,identity_current_atoms,4.0,1inlC02,60,,,,,,,,,,,,,6.818058947722117,5.897313489516576,7.3952101071675616,0.0003165012228456338,0.0013222305545140193,2.8109262356264827e-05,2.9912084482130775e-05,0.07135416666666666,0.0228110599078341,0.19368191721132894,0.48336323245482016,0.48476864843689066,0.48325230453111073,0.7130438992972672,0.3773163436909813,0.3426048906609458,,0.0,0.0,,0.0,0.0,,,,,,,,,,,,,60,60,60,60,60,60,60,60,60,60,60,60,60,60,60,60,0,60,60,0,60,60
identity,identity_current_atoms,4.0,1iv8A05,60,,,,,,,,,,,,,3.626155706246694,2.739584623773893,4.146744573116303,0.00033061450278356464,0.0012800939518496771,2.4158402579447658e-05,4.3023563674874244e-05,0.07979797979797978,0.02542997542997543,0.15444444444444447,0.5879643961882128,0.5847344523262319,0.5854399904097695,0.7914807040070054,0.48076497752609343,0.4475563485220561,,0.0,0.0,,0.0,0.0,,,,,,,,,,,,,60,60,60,60,60,60,60,60,60,60,60,60,60,60,60,60,0,60,60,0,60,60
identity,identity_current_atoms,4.0,1j4sA00,60,,,,,,,,,,,,,4.001364588737488,3.6186156143744785,4.360202032327652,0.00017096923645700579,0.0005620203536870202,2.7269339894627935e-05,1.4141344462456455e-05,0.10581655480984341,0.025010403662089058,0.21978371501272267,0.5872058573107269,0.5913620960175483,0.5889547108155627,0.7576666338918563,0.5177447283160085,0.4626509570057043,,0.0,0.0,,0.0,0.0,,,,,,,,,,,,,60,60,60,60,60,60,60,60,60,60,60,60,60,60,60,60,0,60,60,0,60,60
identity,identity_current_atoms,4.0,1jocA01,60,,,,,,,,,,,,,10.32123914162318,9.230266042550404,11.104091874758403,0.0003728513650151668,0.0015174713953377964,1.2008508886296576e-05,3.0092283001203688e-05,0.043055555555555555,0.020701058201058196,0.03694968553459121,0.42464212915689964,0.43189357677298185,0.4259776160873032,0.6554129918975201,0.28944557979086005,0.16186519314372605,,0.0,0.0,,0.0,0.0,,,,,,,,,,,,,60,60,60,60,60,60,60,60,60,60,60,60,60,60,60,60,0,60,60,0,60,60
identity,identity_current_atoms,4.0,1jqoA03,60,,,,,,,,,,,,,4.157351851463318,3.6582172413667045,4.538296596209208,0.00017980143808636644,0.0007009534583063993,1.272473075998864e-05,1.678254102636462e-05,0.031751824817518245,0.020151158225363168,0.16498257839721253,0.593983402893778,0.5960747188984165,0.5946366707079525,0.7900333540981708,0.5134662041054876,0.41900815933332114,,0.0,0.0,,0.0,0.0,,,,,,,,,,,,,60,60,60,60,60,60,60,60,60,60,60,60,60,60,60,60,0,60,60,0,60,60
identity,identity_current_atoms,4.0,1jr3C02,60,,,,,,,,,,,,,3.296081664164861,2.707241475582123,3.6535807609558106,0.00022478678475170477,0.0008098663401693706,1.982689481012394e-05,1.7203771571793393e-05,0.02131147540983606,0.01939371804236669,0.09895330112721418,0.6438681326751633,0.6404097941800349,0.6418908239496807,0.8362520183344124,0.5517930907370733,0.4056662368271528,,0.0,0.0,,0.0,0.0,,,,,,,,,,,,,60,60,60,60,60,60,60,60,60,60,60,60,60,60,60,60,0,60,60,0,60,60
identity,identity_current_atoms,4.0,1k4iA00,60,,,,,,,,,,,,,3.634623004992803,3.150370506445567,4.0760148644447325,0.00012857884678827173,0.00042199499991007046,1.518581013643983e-05,1.5907116125368597e-05,0.06782407407407408,0.025041421900888688,0.1092648539778449,0.6335160455826139,0.6363338496569635,0.6348019120296561,0.8092703094783277,0.5562939262527513,0.48512025869474573,,0.0,0.0,,0.0,0.0,,,,,,,,,,,,,60,60,60,60,60,60,60,60,60,60,60,60,60,60,60,60,0,60,60,0,60,60
identity,identity_current_atoms,4.0,1k8kD01,60,,,,,,,,,,,,,5.768566064039866,5.110939965645472,6.193519886334737,0.00014901065449010652,0.0005847176079734218,1.3976699658688117e-05,1.6553633773425903e-05,0.05253863134657837,0.025317005384749,0.16227513227513224,0.5358547176589306,0.5337335640885356,0.5345217296274655,0.7576078735965041,0.4358136808017281,0.36329103460394896,,0.0,0.0,,0.0,0.0,,,,,,,,,,,,,60,60,60,60,60,60,60,60,60,60,60,60,60,60,60,60,0,60,60,0,60,60
coarse,frozen P0 coarse prediction,1.0,1ad3A02,60,,,,,,,,,,,,,2.7958191772301992,2.36403413216273,3.124597442150116,0.0003871582302954852,0.0011019863249675352,0.0001454298288137377,0.00011953206922758712,0.054188034188034195,0.028524764509267705,0.15833333333333333,0.6430304207799169,0.6423928334850213,0.6421345884005809,0.8071450006556093,0.5751273243582702,0.49231168989648144,0.3368702232834783,0.16078764239435334,0.21471901210253033,0.650491985082976,0.3319546112591548,0.4388689145730843,,,,,,,,,,,,,60,60,60,60,60,60,60,60,60,60,60,60,60,60,60,60,60,60,60,60,60,60
coarse,frozen P0 coarse prediction,1.0,1atgA02,60,,,,,,,,,,,,,2.7899862925211587,2.2462627569834392,3.2366637845834094,0.0010108476789957735,0.002514294248165216,0.000492865929414558,0.00025048361875157447,0.05871559633027523,0.022440585009140767,0.16272189349112423,0.6421014714625813,0.6501666369457099,0.6433612916038898,0.7918825773695924,0.5802613742168388,0.47701073376401726,0.33600111169167796,0.16739047847277005,0.21485656843658976,0.6332924737784359,0.3341466323592088,0.4362559181989606,,,,,,,,,,,,,60,60,60,60,60,60,60,60,60,60,60,60,60,60,60,60,60,60,60,60,60,60
coarse,frozen P0 coarse prediction,1.0,1balA00,60,,,,,,,,,,,,,5.782690095901489,4.982235340277354,6.374209507306417,0.007545117484141875,0.016314356435643565,0.00521397107979157,0.0024239042836773908,0.05032679738562092,0.022510822510822516,0.06712328767123288,0.4079248180195945,0.6195091354479056,0.4696843752200449,0.6286511631059343,0.37384096926196086,0.29759510443682136,0.18254154652383417,0.2689967024690587,0.1885163123381362,0.7821536809251174,0.31322257146183824,0.4419554828752653,,,,,,,,,,,,,60,60,60,60,60,60,60,60,60,60,60,60,60,60,60,60,60,60,60,60,60,60
coarse,frozen P0 coarse prediction,1.0,1by1A00,60,,,,,,,,,,,,,3.8193962077299752,3.2695198516050974,4.246865717569987,0.0004714941295667204,0.0013052058353317348,0.0002128546679222768,0.00016117844468557257,0.025279106858054227,0.02110042735042735,0.15484668644906036,0.5975990859337348,0.6268490837205307,0.6110289037074043,0.8044798859363599,0.5261931427555803,0.3982829392582614,0.29794368768409385,0.18051981238044204,0.22210639464969045,0.6939090295397736,0.3432043392709769,0.45825667149914845,,,,,,,,,,,,,60,60,60,60,60,60,60,60,60,60,60,60,60,60,60,60,60,60,60,60,60,60
coarse,frozen P0 coarse prediction,1.0,1c80A00,60,,,,,,,,,,,,,2.454239213466644,1.8771898736556372,2.876296599706014,0.0002990481631909511,0.0009337155224018051,9.066283806329076e-05,0.00011484834211901645,0.051134380453752175,0.02081425995283673,0.1515817901234568,0.6602286039734996,0.6562276082269821,0.6578812189034868,0.8356679261441352,0.5879194250057405,0.5171833803653936,0.3470578576302145,0.15829571444491433,0.21589131544223114,0.6293138892452917,0.3093277435719929,0.41398928425893783,,,,,,,,,,,,,60,60,60,60,60,60,60,60,60,60,60,60,60,60,60,60,60,60,60,60,60,60
coarse,frozen P0 coarse prediction,1.0,1ccdA00,60,,,,,,,,,,,,,4.681475355227788,4.047250131766002,5.124520258108775,0.00254514853247154,0.005885936245843368,0.0016380985360035399,0.0007474383665574482,0.04199134199134199,0.02498984977669509,0.13333333333333333,0.5228437696685069,0.6249414507577912,0.5577075414084215,0.741875006662171,0.4621193466192575,0.32799087127215565,0.25733351242608127,0.2080332529854845,0.20891362998833132,0.7356653990221873,0.3129025389595486,0.43598991733121556,,,,,,,,,,,,,60,60,60,60,60,60,60,60,60,60,60,60,60,60,60,60,60,60,60,60,60,60
coarse,frozen P0 coarse prediction,1.0,1ccwB02,60,,,,,,,,,,,,,3.460300890604655,2.7147042602300644,3.9797238528728487,0.0019602790323382745,0.005611176355451164,0.0009735261544682944,0.0006935351524991708,0.05707070707070707,0.020609945609945612,0.15908119658119657,0.5601113372549682,0.6203263966980722,0.5835336297556922,0.7660216621100014,0.5008207856634223,0.43313718646277694,0.2703645654147215,0.1970765032755134,0.21812458082273878,0.6647729585408404,0.33858096646764074,0.44619638433096537,,,,,,,,,,,,,60,60,60,60,60,60,60,60,60,60,60,60,60,60,60,60,60,60,60,60,60,60
coarse,frozen P0 coarse prediction,1.0,1dgnA00,60,,,,,,,,,,,,,2.879302430152893,2.205020734667778,3.37278843720754,0.0011599562103776992,0.0031236624721794207,0.0005399773170418294,0.0003451763515976902,0.02546816479400749,0.023804780876494024,0.07806267806267805,0.6418326950566203,0.6831125818219436,0.6571137807058799,0.8207839610485403,0.5761248460387621,0.4480106720751497,0.3440851690098334,0.20199428659838123,0.24423137454051455,0.6662846619208183,0.3044551608897676,0.4167406544166196,,,,,,,,,,,,,60,60,60,60,60,60,60,60,60,60,60,60,60,60,60,60,60,60,60,60,60,60
coarse,frozen P0 coarse prediction,1.0,1eb6A00,60,,,,,,,,,,,,,2.8276753306388853,2.3319053848584494,3.2712040026982625,0.0005907605698348747,0.0014354772941883422,0.0002959705496822836,0.00018840333743054877,0.05225988700564972,0.02319559228650138,0.20262096774193547,0.6627314390098437,0.6772257630067203,0.667029966020576,0.8023245617218837,0.6014658316132321,0.5323941970211078,0.3446809791549192,0.18006932484860957,0.22925317846380266,0.6390830405962636,0.3383886449105989,0.441489511546032,,,,,,,,,,,,,60,60,60,60,60,60,60,60,60,60,60,60,60,60,60,60,60,60,60,60,60,60
coarse,frozen P0 coarse prediction,1.0,1ecmA00,60,,,,,,,,,,,,,3.865521534283956,3.114579916993777,4.366568579276403,0.0013324670046808513,0.003773020257826887,0.0006496352881494507,0.0004247106091659143,0.03168498168498169,0.01993263034563562,0.0672077922077922,0.5694457729338143,0.6449097733673738,0.5998287239394098,0.7873570461372323,0.5025140456670915,0.36746731290288,0.2899358550699404,0.20932096258524835,0.23299922120058744,0.705138445846828,0.29887612133887437,0.41816314713726543,,,,,,,,,,,,,60,60,60,60,60,60,60,60,60,60,60,60,60,60,60,60,60,60,60,60,60,60
coarse,frozen P0 coarse prediction,1.0,1f7uA02,60,,,,,,,,,,,,,3.299592981735865,2.6640316327412923,3.7386835237344105,0.0007764980335637687,0.002204112147514791,0.00031693432595165846,0.0002552902511821322,0.027200000000000005,0.02115646258503401,0.1452755905511811,0.6053078280762079,0.6459750764843951,0.6229350407151529,0.8117441087073155,0.5347337281778042,0.4083854747464727,0.3121927328345944,0.18084755163749808,0.2230345939113728,0.6972886978018931,0.31627297512529223,0.43368272788736933,,,,,,,,,,,,,60,60,60,60,60,60,60,60,60,60,60,60,60,60,60,60,60,60,60,60,60,60
coarse,frozen P0 coarse prediction,1.0,1fjrA02,60,,,,,,,,,,,,,2.5875155329704285,2.0201028108596804,2.9862565020720164,0.0005192489643291982,0.0015637820097594679,0.00020079328245978427,0.00020815208403735953,0.09213333333333333,0.023061774461028185,0.1870816599732263,0.6225045801908738,0.6115112872751074,0.6162657504881336,0.791415208021596,0.5432913075913096,0.5097682970815245,0.3357858760081184,0.14644813026442716,0.20157912865659078,0.6368498401673751,0.32499529409070954,0.4294218166770874,,,,,,,,,,,,,60,60,60,60,60,60,60,60,60,60,60,60,60,60,60,60,60,60,60,60,60,60
coarse,frozen P0 coarse prediction,1.0,1fmtB01,60,,,,,,,,,,,,,2.7248448550701143,2.217724526921908,3.1380359709262846,0.0003671055458686082,0.0009609310058187864,0.00014932398859802818,0.00011126991274611536,0.05688225538971807,0.026301325573876495,0.1370580808080808,0.6793932850363918,0.676044880958926,0.6770153558911951,0.8344252231242435,0.6049330006418089,0.5282301115041179,0.3493137001478487,0.1642240438509037,0.21981285299256956,0.6320528884219774,0.32401404016291857,0.4275581973885517,,,,,,,,,,,,,60,60,60,60,60,60,60,60,60,60,60,60,60,60,60,60,60,60,60,60,60,60
coarse,frozen P0 coarse prediction,1.0,1frmA00,60,,,,,,,,,,,,,3.9239330808321635,3.357717539866765,4.378183501958847,0.0014932401452346434,0.0036131798691040403,0.0009343219808396568,0.00044663257318376697,0.05723270440251572,0.02529886016124548,0.19156249999999997,0.5403932063082098,0.6156975182065836,0.5639859223683604,0.7400248008237759,0.4860923462089767,0.4163934487647628,0.26764056378462797,0.1889043095076969,0.1998273782967624,0.6978620294793874,0.3312501795766662,0.4470148941671289,,,,,,,,,,,,,60,60,60,60,60,60,60,60,60,60,60,60,60,60,60,60,60,60,60,60,60,60
coarse,frozen P0 coarse prediction,1.0,1gk9B03,20,,,,,,,,,,,,,3.5767499446868896,3.166205260157585,3.924758070707321,0.0006653717192149201,0.0017535533489096574,0.0003141785099329239,0.00019667212220403712,0.040372670807453416,0.024972004479283317,0.1438538205980066,0.6146504581527553,0.6497527920059581,0.6289373784899887,0.7939880757871228,0.5573178513141401,0.47528077434833343,0.32029568366045347,0.17791389360989424,0.220986566224291,0.6810193046975745,0.3313135787750251,0.4446609076920046,,,,,,,,,,,,,20,20,20,20,20,20,20,20,20,20,20,20,20,20,20,20,20,20,20,20,20,20
coarse,frozen P0 coarse prediction,1.0,1gkgA02,60,,,,,,,,,,,,,3.088062959909439,2.4500204414129256,3.641303328673045,0.0015793464524282363,0.0040924216401889224,0.0007586342132999976,0.0004469194673982863,0.08333333333333334,0.0269742883379247,0.1880758807588076,0.551051088059289,0.5903092177015336,0.5678455239776721,0.7187530904646615,0.49955027310010636,0.4649031162380988,0.27750545162632634,0.17224242810356605,0.20683701803847532,0.6518463556101558,0.3150607047117354,0.42230720385074144,,,,,,,,,,,,,60,60,60,60,60,60,60,60,60,60,60,60,60,60,60,60,60,60,60,60,60,60
coarse,frozen P0 coarse prediction,1.0,1gvhA01,60,,,,,,,,,,,,,3.5534090995788574,3.184470264116923,3.8145425419012704,0.0009185234654546232,0.0023938275875321885,0.0004567794768244887,0.0002770815753347019,0.025900900900900903,0.023643410852713174,0.1873390557939914,0.5859244047499289,0.6469667214315177,0.6113777806338685,0.7818822491999514,0.5329025301131057,0.42138445147241477,0.2877515652531904,0.20081232272320557,0.2286000945127097,0.6874454157576124,0.3277650145726337,0.4421976261664932,,,,,,,,,,,,,60,60,60,60,60,60,60,60,60,60,60,60,60,60,60,60,60,60,60,60,60,60
coarse,frozen P0 coarse prediction,1.0,1gyxA01,60,,,,,,,,,,,,,5.213494910796483,4.462619970242183,5.776316829522451,0.003603292155778174,0.008596321293171687,0.0024055412337577794,0.0011393085140003795,0.05390625,0.024663978494623654,0.10757575757575759,0.4501228773796105,0.5942026446818767,0.49884913367631906,0.6867208169938233,0.4084477008705364,0.2992590430587764,0.2234436326538964,0.23124755448909046,0.20529051261703118,0.7536160595294832,0.3312842566117412,0.45704259665984925,,,,,,,,,,,,,60,60,60,60,60,60,60,60,60,60,60,60,60,60,60,60,60,60,60,60,60,60
coarse,frozen P0 coarse prediction,1.0,1hw7A02,60,,,,,,,,,,,,,6.683179366588592,5.985291349887848,7.096452093124389,0.007013547136342588,0.01686679722394008,0.005178098676293623,0.0020944396348779636,0.05500000000000001,0.02569553805774278,0.1611111111111111,0.35152076636411334,0.6002178177494023,0.4232906862385599,0.6010733083319181,0.33729208500465924,0.2444675315701263,0.1693127116959107,0.28881294424519793,0.18822775810279516,0.7990498060953221,0.29373801736735544,0.42279886127051314,,,,,,,,,,,,,60,60,60,60,60,60,60,60,60,60,60,60,60,60,60,60,60,60,60,60,60,60
coarse,frozen P0 coarse prediction,1.0,1i7xB00,60,,,,,,,,,,,,,6.45740620692571,5.801064797242483,6.93883649110794,0.004019369304899575,0.009308496628739994,0.002734309798030378,0.0010448760884125923,0.08128654970760234,0.0266173245614035,0.20160642570281123,0.41355022730411267,0.5448301029147452,0.4599026271828946,0.6492548393949111,0.36603597393768544,0.29765070851659875,0.19933876386804694,0.21128947666912612,0.18835994187392976,0.7486384928966207,0.3462142191003662,0.4688590744626095,,,,,,,,,,,,,60,60,60,60,60,60,60,60,60,60,60,60,60,60,60,60,60,60,60,60,60,60
coarse,frozen P0 coarse prediction,1.0,1ik7A00,60,,,,,,,,,,,,,5.585579222440719,4.68859893878301,6.184211790561676,0.005021817212447736,0.01371200583793388,0.003096691893131521,0.0016363827467055564,0.042628205128205116,0.02041198501872659,0.17782152230971127,0.4130527280922935,0.6031579915287067,0.4760564409390916,0.6687273824663099,0.38679872990706865,0.25538708542347865,0.20347756325115282,0.26817242904849026,0.2108813295814119,0.7670151787981773,0.2955400060333676,0.41783668918200884,,,,,,,,,,,,,60,60,60,60,60,60,60,60,60,60,60,60,60,60,60,60,60,60,60,60,60,60
coarse,frozen P0 coarse prediction,1.0,1in4A03,60,,,,,,,,,,,,,2.4933602074782053,1.7252178182204565,2.991646538178126,0.0010283421118635566,0.002958159501783663,0.0004082254438029566,0.00029468299734705867,0.024,0.029707602339181287,0.034305555555555554,0.6879714764815221,0.6921269586061902,0.686870445671662,0.8531745370431696,0.6111048464198022,0.469781527286823,0.36395892196074986,0.17541930820889168,0.22867502065468223,0.6453850496461354,0.3147973328661258,0.420959349328396,,,,,,,,,,,,,60,60,60,60,60,60,60,60,60,60,60,60,60,60,60,60,60,60,60,60,60,60
coarse,frozen P0 coarse prediction,1.0,1inlC02,60,,,,,,,,,,,,,4.6311866243680315,3.8293818175792693,5.148326508204142,0.002385013063796808,0.00659344665250177,0.001319245632434782,0.0009003970937592121,0.07682291666666667,0.022715053763440858,0.19466230936819168,0.48418449710558165,0.5712090436279716,0.520026004015169,0.7092171776800353,0.42971955157826736,0.3936738944938743,0.22243208868178865,0.17882716503604393,0.18910617600555524,0.6955756054216111,0.3061927818741893,0.4227273016190768,,,,,,,,,,,,,60,60,60,60,60,60,60,60,60,60,60,60,60,60,60,60,60,60,60,60,60,60
coarse,frozen P0 coarse prediction,1.0,1iv8A05,60,,,,,,,,,,,,,2.654520712296168,1.9280626942714056,3.1241159121195476,0.0008134128973788592,0.0026590330788804073,0.0002241230021479451,0.00024301221680093804,0.07601010101010103,0.025819000819000817,0.15486111111111114,0.6304305795265324,0.6180690500174097,0.6231714485003764,0.8017277041021252,0.5339249325494239,0.48971479072414387,0.3282614339047705,0.13084942121277418,0.1843764451402862,0.6496902020185178,0.3136934421781836,0.42069237733416454,,,,,,,,,,,,,60,60,60,60,60,60,60,60,60,60,60,60,60,60,60,60,60,60,60,60,60,60
coarse,frozen P0 coarse prediction,1.0,1j4sA00,60,,,,,,,,,,,,,2.7798075139522553,2.374899865190188,3.1555720289548237,0.0005802450455059999,0.0014895577395577396,0.00026207709104837077,0.00018027339932627417,0.10604026845637585,0.025062421972534332,0.21889312977099243,0.6255427809620708,0.6345757190609496,0.6292443061037006,0.7775763146615156,0.561447260403867,0.5176123988968364,0.3150173118727339,0.15009547952949567,0.19966340846401825,0.6456131319128706,0.31037993991226737,0.418300940149879,,,,,,,,,,,,,60,60,60,60,60,60,60,60,60,60,60,60,60,60,60,60,60,60,60,60,60,60
coarse,frozen P0 coarse prediction,1.0,1jocA01,60,,,,,,,,,,,,,7.404041409492493,6.441752443710963,8.10619414250056,0.005891192000898775,0.014894601908560037,0.0038138452389121437,0.0017030003120681203,0.041111111111111105,0.019069664902998232,0.03223270440251573,0.37169005330786126,0.627441609856753,0.4493950796551113,0.6174723615335559,0.35039053759294886,0.24580881836213356,0.17628695712913298,0.31491195304835984,0.20505808519925084,0.7848692817617785,0.29453035318785814,0.4217207798858705,,,,,,,,,,,,,60,60,60,60,60,60,60,60,60,60,60,60,60,60,60,60,60,60,60,60,60,60
coarse,frozen P0 coarse prediction,1.0,1jqoA03,60,,,,,,,,,,,,,3.016041660308838,2.5525253295898436,3.3671653548876446,0.0007321029019128424,0.00211666397328162,0.0003139131004652992,0.00024714162326722937,0.03260340632603406,0.01993521790341578,0.16655052264808362,0.6181693483225409,0.6490387643175399,0.6313538558076556,0.8089940321735825,0.554584379207877,0.4582719637643765,0.30954194133511204,0.1854407027103854,0.22731631976468294,0.6594546776387548,0.33323850908364633,0.4416790057915618,,,,,,,,,,,,,60,60,60,60,60,60,60,60,60,60,60,60,60,60,60,60,60,60,60,60,60,60
coarse,frozen P0 coarse prediction,1.0,1jr3C02,60,,,,,,,,,,,,,2.508021716276805,1.9718569238980612,2.8594185411930084,0.0005874354153240363,0.0017023489666587307,0.0002000578408660626,0.00018640049748888066,0.02322404371584699,0.02028244460676893,0.10249597423510469,0.6758620580573559,0.6861970154571755,0.6805085151761527,0.8577401987534358,0.5983040779024597,0.45006643808002506,0.34313795416958204,0.1742235294880419,0.2289654141192554,0.6633153541945808,0.3253709148728389,0.43526863027233653,,,,,,,,,,,,,60,60,60,60,60,60,60,60,60,60,60,60,60,60,60,60,60,60,60,60,60,60
coarse,frozen P0 coarse prediction,1.0,1k4iA00,60,,,,,,,,,,,,,2.7463340759277344,2.2833183139562605,3.161273823181788,0.00039363964306532174,0.0009875627259483084,0.00016868630361210034,0.00015450998100268422,0.06535493827160493,0.025146859466787165,0.10755287009063447,0.6657235570501531,0.6682958287101146,0.6661588101279852,0.8210471175515791,0.5937047427072314,0.5270447395022104,0.3301982640685208,0.1686274335788203,0.2206161259847845,0.6303159659992809,0.3324846538868488,0.4345969422023931,,,,,,,,,,,,,60,60,60,60,60,60,60,60,60,60,60,60,60,60,60,60,60,60,60,60,60,60
coarse,frozen P0 coarse prediction,1.0,1k8kD01,60,,,,,,,,,,,,,4.077862588564555,3.5061476826667786,4.470104022820791,0.0007199826049141116,0.002041435954226652,0.0003445103116497325,0.00024052931498053692,0.05121412803532009,0.0259944415494181,0.16031746031746028,0.5697947509452785,0.6125985095060554,0.587804277296534,0.7768249042436645,0.49937378664126564,0.4323235514866755,0.2759539654053331,0.16851113447433919,0.2027452297290082,0.6805351277641605,0.32162982399845674,0.4353259661018602,,,,,,,,,,,,,60,60,60,60,60,60,60,60,60,60,60,60,60,60,60,60,60,60,60,60,60,60
coarse,frozen P0 coarse prediction,4.0,1ad3A02,60,,,,,,,,,,,,,3.669545529286067,3.2617642054955165,3.963735508918762,0.0006257864843723429,0.0015663234657549978,0.00033073928842317605,0.00022439320038096337,0.05478632478632479,0.028722272865390464,0.15904040404040404,0.5805114387724825,0.6061607365172621,0.590191733262507,0.7703703508743395,0.5153687277042565,0.42582438811610657,0.2901494932384162,0.1602511885148984,0.1977896836943033,0.6807902738398336,0.35126959191300494,0.46243618159591354,,,,,,,,,,,,,60,60,60,60,60,60,60,60,60,60,60,60,60,60,60,60,60,60,60,60,60,60
coarse,frozen P0 coarse prediction,4.0,1atgA02,60,,,,,,,,,,,,,3.511537289619446,2.9584123810132343,3.9600161969661714,0.001796357098659056,0.0038377567275416735,0.001152135513569164,0.0006535388534789656,0.058715596330275226,0.022958561852528942,0.16015779092702168,0.5899340007022666,0.6226480557720829,0.598160993454911,0.7529304428561365,0.5309664174464335,0.4259148423629029,0.3033276391559941,0.18219008866712033,0.20984305489238078,0.6575800814570579,0.3657861936638083,0.4686403623074221,,,,,,,,,,,,,60,60,60,60,60,60,60,60,60,60,60,60,60,60,60,60,60,60,60,60,60,60
coarse,frozen P0 coarse prediction,4.0,1balA00,60,,,,,,,,,,,,,7.255026622613271,6.423396164178849,7.861639169851939,0.012565666041275797,0.023417491749174915,0.009922891654532634,0.005861384911040853,0.04640522875816992,0.023283858998144717,0.06575342465753424,0.31065131496811177,0.5771965563734879,0.37771944917670325,0.5369336368996412,0.28381369748470814,0.21680625265418704,0.13848933743230304,0.2911936174829526,0.16120248190176628,0.8170734914631265,0.37044964281292964,0.5050675322430201,,,,,,,,,,,,,60,60,60,60,60,60,60,60,60,60,60,60,60,60,60,60,60,60,60,60,60,60
coarse,frozen P0 coarse prediction,4.0,1by1A00,60,,,,,,,,,,,,,5.094345559676488,4.475185676415761,5.570313433806102,0.0008119077418201323,0.0019555029053680132,0.0004944563855202275,0.00030882941276360595,0.026156299840510364,0.021173878205128206,0.1556874381800198,0.511348868869298,0.5852904154672578,0.5421480100068686,0.7503729444272299,0.44801265985891775,0.3130863728674289,0.2438895510872899,0.18240763174979258,0.20083882234925765,0.7540859525224757,0.360642796222344,0.48666110186701705,,,,,,,,,,,,,60,60,60,60,60,60,60,60,60,60,60,60,60,60,60,60,60,60,60,60,60,60
coarse,frozen P0 coarse prediction,4.0,1c80A00,60,,,,,,,,,,,,,3.0657734254995983,2.4048424144585927,3.5563068211078646,0.00042945132411168114,0.001213335175208362,0.00018493442350815768,0.0001795849544370388,0.05287958115183245,0.020710223331946182,0.15158179012345682,0.6110576221699161,0.6243765283078713,0.616001941622332,0.8099451608895369,0.5376963703290408,0.46093474911476195,0.31823441409989034,0.15992592309245263,0.20754971200884928,0.6551213311079703,0.3237743119868475,0.4324043007408127,,,,,,,,,,,,,60,60,60,60,60,60,60,60,60,60,60,60,60,60,60,60,60,60,60,60,60,60
coarse,frozen P0 coarse prediction,4.0,1ccdA00,60,,,,,,,,,,,,,6.327069296439489,5.639478482802709,6.808599388599395,0.0043852624285073295,0.008745771700493062,0.0032894711529212594,0.0018479611148628935,0.03722943722943724,0.024015428339423463,0.13218390804597704,0.4421032460469086,0.59236910158808,0.48656532732455376,0.6750451198497063,0.38853797920172917,0.25157830790405444,0.21009799932961865,0.2249846426314635,0.18634217909876186,0.7893601280434563,0.36877983116640783,0.5000030111592543,,,,,,,,,,,,,60,60,60,60,60,60,60,60,60,60,60,60,60,60,60,60,60,60,60,60,60,60
coarse,frozen P0 coarse prediction,4.0,1ccwB02,60,,,,,,,,,,,,,4.815266402562459,4.060622517267863,5.338233397404353,0.004069636019223032,0.009491094147582696,0.002834645307452289,0.0017977792908395746,0.06363636363636363,0.021114996114996114,0.1580128205128205,0.471316982459453,0.5886681273952415,0.5090339289063512,0.6938008103879267,0.42433227310135363,0.36031016635429836,0.21481201853596602,0.2124565351976894,0.1918070540728197,0.7023270470527072,0.3590941147761616,0.47067200684604277,,,,,,,,,,,,,60,60,60,60,60,60,60,60,60,60,60,60,60,60,60,60,60,60,60,60,60,60
coarse,frozen P0 coarse prediction,4.0,1dgnA00,60,,,,,,,,,,,,,3.3288992365201313,2.602383192380269,3.8613707681496936,0.0018912539329312848,0.004425879558294813,0.0011601271586522076,0.0007000552752590293,0.02621722846441948,0.02343957503320053,0.07820512820512819,0.5948595752606995,0.6607833118097444,0.6171357959038103,0.7905194280845695,0.5292124767914975,0.40257553318151224,0.30853548038471174,0.21278526314226612,0.2352913394967079,0.6913041210064229,0.326579623267085,0.442294361388149,,,,,,,,,,,,,60,60,60,60,60,60,60,60,60,60,60,60,60,60,60,60,60,60,60,60,60,60
coarse,frozen P0 coarse prediction,4.0,1eb6A00,60,,,,,,,,,,,,,3.8111393491427106,3.2771447151899338,4.292809031407038,0.000924470932603087,0.0020062076143875012,0.000575943713405507,0.0003428632164341197,0.04934086629001882,0.02368227731864096,0.20053763440860214,0.6094032206491173,0.6485103375489681,0.6221032089050669,0.7651520677012976,0.5533502105383018,0.47696730806061005,0.3075050017372366,0.1818845653770924,0.21557748277991465,0.6684637459010146,0.3517659465287366,0.4600578732309951,,,,,,,,,,,,,60,60,60,60,60,60,60,60,60,60,60,60,60,60,60,60,60,60,60,60,60,60
coarse,frozen P0 coarse prediction,4.0,1ecmA00,60,,,,,,,,,,,,,5.1686021705468495,4.390279487768809,5.690998077392578,0.002539182511842056,0.006113668917536321,0.0016653368597841773,0.0009896378255199003,0.02802197802197802,0.0205477445811365,0.0683982683982684,0.48649168125354464,0.6196631585580683,0.5326916685151841,0.729226533085119,0.4300456746256684,0.28469167832801817,0.23663369155093233,0.2280627361897827,0.21344886761493823,0.753408549036047,0.3256213232761306,0.45210828113501494,,,,,,,,,,,,,60,60,60,60,60,60,60,60,60,60,60,60,60,60,60,60,60,60,60,60,60,60
coarse,frozen P0 coarse prediction,4.0,1f7uA02,60,,,,,,,,,,,,,4.470096238454183,3.732936328649521,4.965442498524983,0.0014206450019406513,0.0034113604957464265,0.0008521160208214422,0.0005566920419866529,0.025600000000000005,0.02212018140589569,0.1461286089238845,0.5383045709487602,0.6152367877296251,0.5658650444498605,0.7638953169128045,0.47522211900995975,0.3368822904708777,0.2785612852960695,0.19328899194500695,0.21174453713506994,0.743825463895206,0.34142359198715927,0.46633304492900207,,,,,,,,,,,,,60,60,60,60,60,60,60,60,60,60,60,60,60,60,60,60,60,60,60,60,60,60
coarse,frozen P0 coarse prediction,4.0,1fjrA02,60,,,,,,,,,,,,,3.2653570612271627,2.6240600645542145,3.721366602182388,0.0007918782299924234,0.002124357645636308,0.0004164225700018513,0.0003424862729872041,0.08600000000000001,0.02236733001658375,0.18634538152610444,0.5585047196479966,0.5627794119368484,0.5584155925800983,0.7500343091581653,0.4782131864005982,0.4393771805678658,0.28008127003498196,0.1408727009228114,0.181712766237058,0.663806633770724,0.34618787583963584,0.4535010122906899,,,,,,,,,,,,,60,60,60,60,60,60,60,60,60,60,60,60,60,60,60,60,60,60,60,60,60,60
coarse,frozen P0 coarse prediction,4.0,1fmtB01,60,,,,,,,,,,,,,3.353834092617035,2.7929564754168195,3.8110559384028115,0.0005421042353945505,0.0012702618453865337,0.00028685083001356965,0.00020283101983280144,0.05447761194029851,0.026066925315227932,0.13819444444444443,0.6261638389134079,0.6539073921979046,0.6375527104929478,0.8070735051678221,0.5547225110430902,0.48396255046466474,0.3069042700759235,0.17059826775036874,0.21076171665035773,0.6648746210023507,0.34165240775832634,0.45049057789421476,,,,,,,,,,,,,60,60,60,60,60,60,60,60,60,60,60,60,60,60,60,60,60,60,60,60,60,60
coarse,frozen P0 coarse prediction,4.0,1frmA00,60,,,,,,,,,,,,,5.454371517896652,4.836558852593104,5.952301633358002,0.0024965659766209972,0.005113029413977282,0.0018828032741724505,0.001062143121103389,0.06273584905660377,0.02543786488740617,0.1905208333333333,0.4591945154573006,0.5722900696083238,0.49106951874517146,0.68030241027058,0.41034002063195013,0.33240822491680916,0.22155160029951335,0.1952108630765026,0.17591032676612764,0.7471053233913446,0.3593876412583224,0.4834900908617737,,,,,,,,,,,,,60,60,60,60,60,60,60,60,60,60,60,60,60,60,60,60,60,60,60,60,60,60
coarse,frozen P0 coarse prediction,4.0,1gk9B03,20,,,,,,,,,,,,,4.434544622898102,3.962735801935196,4.821236896514892,0.0010953699464208051,0.0025540303738317755,0.0006692195009123384,0.000397708674304419,0.0422360248447205,0.023292273236282197,0.1483388704318937,0.5591761720792906,0.6105031673910307,0.5778317474239713,0.7496080290767972,0.5012743487093414,0.41747559191447764,0.2701016877818904,0.17724175568019157,0.19988606399012093,0.698288287731157,0.3741589350578015,0.4855957483867826,,,,,,,,,,,,,20,20,20,20,20,20,20,20,20,20,20,20,20,20,20,20,20,20,20,20,20,20
coarse,frozen P0 coarse prediction,4.0,1gkgA02,60,,,,,,,,,,,,,3.9112194081147513,3.149792609612147,4.5730526407559715,0.0028468435939098514,0.006250894518391299,0.0018655783513493636,0.0010745664173498382,0.09685990338164253,0.026675849403122134,0.18929539295392955,0.47567582995665286,0.5393949936950124,0.49826288522079215,0.653091080039722,0.4234067448897648,0.399113947911269,0.2307263060403612,0.17000251988333068,0.18257928668137793,0.6925704771148669,0.3600901620199499,0.4702214554423619,,,,,,,,,,,,,60,60,60,60,60,60,60,60,60,60,60,60,60,60,60,60,60,60,60,60,60,60
coarse,frozen P0 coarse prediction,4.0,1gvhA01,60,,,,,,,,,,,,,4.739974709351857,4.372900692621867,4.966799084345499,0.0014992777528498578,0.0033512048887351545,0.0009633384515070567,0.000617451101399262,0.023873873873873883,0.02332538262770821,0.18834048640915593,0.5159826958633046,0.6206419210338837,0.5549884034733554,0.7367727431968738,0.46926585246650293,0.3566687177933004,0.2433899254570198,0.21093983862547677,0.21162082389545286,0.7457050295823259,0.35316251388700415,0.47770080322155883,,,,,,,,,,,,,60,60,60,60,60,60,60,60,60,60,60,60,60,60,60,60,60,60,60,60,60,60
coarse,frozen P0 coarse prediction,4.0,1gyxA01,60,,,,,,,,,,,,,6.796662445863088,6.009498258431752,7.392729024092357,0.007253830946674041,0.014385181019039288,0.005761008254563446,0.0033736805511661713,0.051041666666666666,0.02455197132616488,0.10924242424242424,0.33576189812520474,0.5544144706170879,0.39777161649889603,0.5831393914118431,0.308137905436937,0.21196285122267772,0.16001660270488285,0.2577921585791129,0.17145288831013736,0.8084332618997693,0.36876147584348107,0.5024925625490562,,,,,,,,,,,,,60,60,60,60,60,60,60,60,60,60,60,60,60,60,60,60,60,60,60,60,60,60
coarse,frozen P0 coarse prediction,4.0,1hw7A02,60,,,,,,,,,,,,,8.653531738122304,7.859855806827545,9.13703773021698,0.014034354470319529,0.026633683776540913,0.012227436823104692,0.00684072234625841,0.05733333333333334,0.02540682414698163,0.16210317460317458,0.24548082719790668,0.576296392371281,0.31868008864595415,0.49055165499058734,0.23274035757865655,0.17182708780664338,0.11262751689092368,0.3249119210017288,0.1457910031230964,0.8461591092289535,0.3574111039566174,0.4965374319710624,,,,,,,,,,,,,60,60,60,60,60,60,60,60,60,60,60,60,60,60,60,60,60,60,60,60,60,60
coarse,frozen P0 coarse prediction,4.0,1i7xB00,60,,,,,,,,,,,,,8.135399957497915,7.392359050114949,8.672795712947845,0.008882312048907154,0.016320980825958703,0.007423983197017749,0.004060430155540672,0.08216374269005848,0.026315789473684206,0.20060240963855422,0.2915014714877538,0.5018238462712606,0.3477758782284763,0.525404535676496,0.26387245503114903,0.197919957704565,0.14148939123080695,0.23916138521936475,0.15334451569088392,0.8367824882654342,0.4118752814667555,0.5479225168134475,,,,,,,,,,,,,60,60,60,60,60,60,60,60,60,60,60,60,60,60,60,60,60,60,60,60,60,60
coarse,frozen P0 coarse prediction,4.0,1ik7A00,60,,,,,,,,,,,,,7.535964047908783,6.568087528149287,8.189446751276652,0.010075553497769176,0.022318992321847832,0.007712346634560258,0.00467134392285155,0.03301282051282052,0.021207865168539328,0.17874015748031494,0.30548065742147357,0.5675390757092316,0.37428492871896424,0.5596881712043671,0.2893893485774907,0.18521123888469768,0.15084323286543252,0.2853791477923601,0.16994140284960949,0.8348221782006271,0.3270090249428061,0.46077847242557185,,,,,,,,,,,,,60,60,60,60,60,60,60,60,60,60,60,60,60,60,60,60,60,60,60,60,60,60
coarse,frozen P0 coarse prediction,4.0,1in4A03,60,,,,,,,,,,,,,2.9564307888348895,2.139642232656479,3.493556640545527,0.0016318185618411352,0.004089954048007739,0.0008962833551233544,0.0005929403167643649,0.027555555555555555,0.02949317738791423,0.03444444444444444,0.6394787429442302,0.6789805979459228,0.6521518163358974,0.8317627161116656,0.5713916892070315,0.41716596246889354,0.3216871445162016,0.1903463268774541,0.22272320548844723,0.6721531798654923,0.3295686667517674,0.44002252095008365,,,,,,,,,,,,,60,60,60,60,60,60,60,60,60,60,60,60,60,60,60,60,60,60,60,60,60,60
coarse,frozen P0 coarse prediction,4.0,1inlC02,60,,,,,,,,,,,,,6.344451308250427,5.484564505020777,6.902896002928416,0.004700182382669469,0.010875203099612547,0.0033693320861324493,0.0020678354055038237,0.07135416666666666,0.0228110599078341,0.19368191721132894,0.38351185517954395,0.533989569571703,0.43397907141486775,0.6229895783074395,0.34020567466250756,0.3171351147055147,0.16144494657278152,0.19406870093888226,0.15849438597124307,0.7347941453265483,0.3505228420825448,0.4717833713642854,,,,,,,,,,,,,60,60,60,60,60,60,60,60,60,60,60,60,60,60,60,60,60,60,60,60,60,60
coarse,frozen P0 coarse prediction,4.0,1iv8A05,60,,,,,,,,,,,,,3.413876110315323,2.5636213024457297,3.921780796845754,0.0013797770794345776,0.0038045605793697395,0.000661126977520726,0.0004827149287038087,0.07979797979797978,0.02542997542997543,0.15444444444444447,0.5687471490929472,0.5722974598597591,0.5675471524633442,0.7624989775888573,0.46350918823848225,0.435259121041619,0.28157400611695343,0.13238908187527895,0.16970508209311694,0.672505944943985,0.34719114108621923,0.45507698946177605,,,,,,,,,,,,,60,60,60,60,60,60,60,60,60,60,60,60,60,60,60,60,60,60,60,60,60,60
coarse,frozen P0 coarse prediction,4.0,1j4sA00,60,,,,,,,,,,,,,3.7215699732303618,3.314240958293279,4.100220857063929,0.0008759573471273476,0.001992048867048867,0.0005204592906224696,0.0003076604697685648,0.10581655480984341,0.025010403662089058,0.21978371501272267,0.5632138306530734,0.5925125927208094,0.5744884911999731,0.7357204185592766,0.5027293513223831,0.44856643133991086,0.2807098389690982,0.14819875727527299,0.18578126919083793,0.6792432842955766,0.33271372855866765,0.4456164560513422,,,,,,,,,,,,,60,60,60,60,60,60,60,60,60,60,60,60,60,60,60,60,60,60,60,60,60,60
coarse,frozen P0 coarse prediction,4.0,1jocA01,60,,,,,,,,,,,,,9.32099757194519,8.270544123649596,10.083632624149322,0.01219104594989327,0.02551927550681289,0.009579645005603968,0.005126833400205074,0.043055555555555555,0.020701058201058196,0.03694968553459121,0.2507770667611211,0.5857632893253186,0.32495596932323234,0.4741454263332494,0.24278913057348953,0.1544931576091139,0.11307415218393913,0.32762462559015926,0.14653097305160026,0.8299822283194982,0.3421699649662633,0.4747269241739705,,,,,,,,,,,,,60,60,60,60,60,60,60,60,60,60,60,60,60,60,60,60,60,60,60,60,60,60
coarse,frozen P0 coarse prediction,4.0,1jqoA03,60,,,,,,,,,,,,,3.9343630174795785,3.432347357273102,4.319456847508748,0.001225825295645478,0.00309469941822883,0.0007108373200515542,0.000481562721807469,0.031751824817518245,0.020151158225363168,0.16498257839721253,0.5503812516280355,0.6156148897256399,0.5760294151511532,0.7616133190800526,0.49078651707420523,0.3973810957297937,0.2611534041305047,0.19316072477051524,0.21211040072073634,0.6906609210518444,0.36384437822382143,0.4753666812382836,,,,,,,,,,,,,60,60,60,60,60,60,60,60,60,60,60,60,60,60,60,60,60,60,60,60,60,60
coarse,frozen P0 coarse prediction,4.0,1jr3C02,60,,,,,,,,,,,,,3.1010538657506306,2.5185797095298765,3.470638851324717,0.0009522617832199065,0.0024664433334467004,0.00046384498647895217,0.0003325536394657677,0.02131147540983606,0.01939371804236669,0.09895330112721418,0.6194027889544621,0.6576082719086268,0.6352828752336668,0.8289797589927955,0.5395140480520458,0.38744666591520505,0.3022369960760374,0.18488473698288266,0.22052489056650296,0.6916963142902335,0.3394409208821791,0.4540661525726942,,,,,,,,,,,,,60,60,60,60,60,60,60,60,60,60,60,60,60,60,60,60,60,60,60,60,60,60
coarse,frozen P0 coarse prediction,4.0,1k4iA00,60,,,,,,,,,,,,,3.436730279525121,2.9417779703934985,3.8887913664182028,0.0006145006779634691,0.001387165236784834,0.00034055632116295506,0.0002575926546753238,0.06782407407407408,0.025041421900888688,0.1092648539778449,0.6013227619074808,0.6378450810895507,0.6166293461203026,0.7847148615225552,0.534382924334846,0.46677015399326155,0.28237488607249767,0.17283497679438414,0.20722838393336493,0.6622076741354318,0.34534023322730234,0.45316348989484734,,,,,,,,,,,,,60,60,60,60,60,60,60,60,60,60,60,60,60,60,60,60,60,60,60,60,60,60
coarse,frozen P0 coarse prediction,4.0,1k8kD01,60,,,,,,,,,,,,,5.388368546962738,4.729603495200475,5.821708997090657,0.0011733637747336379,0.0029325396825396833,0.0007200410100027603,0.00045246598980697454,0.05253863134657837,0.025317005384749,0.16227513227513224,0.4843808957453335,0.5594655714187091,0.5140792373203741,0.7174900101043136,0.4161665481007476,0.3476582771280594,0.22679686063510837,0.1687461051015116,0.1820343400660468,0.735868970341976,0.3530747857805879,0.4742912744842827,,,,,,,,,,,,,60,60,60,60,60,60,60,60,60,60,60,60,60,60,60,60,60,60,60,60,60,60
refined,frozen P0 + trained H1b,1.0,1ad3A02,60,,,,,,,,,,,,,2.8198833386103312,2.382018793622653,3.15201069911321,0.0002219804358841792,0.0006423422468396363,5.2645713040322995e-05,0.00012211752142918985,0.054188034188034195,0.028524764509267705,0.15833333333333333,0.6462172858022812,0.6470095571132473,0.646317331787515,0.8149891412941963,0.5793935056444012,0.49795233730375643,0.3434851095246535,0.14620885326606728,0.2035305052355275,0.6641538742090635,0.29087627190388016,0.40388153228224305,,,,,,,,,,,,,60,60,60,60,60,60,60,60,60,60,60,60,60,60,60,60,60,60,60,60,60,60
refined,frozen P0 + trained H1b,1.0,1atgA02,60,,,,,,,,,,,,,2.8138440430164335,2.2564246515432993,3.2714125255743665,0.000525503735818101,0.001392978039483416,0.00016302645879513926,0.00022885742396372503,0.05871559633027523,0.022440585009140767,0.16272189349112423,0.6483355862821657,0.6537987972516802,0.6496848275194165,0.8030021916227511,0.586247746178037,0.4839156944739766,0.35238913904682734,0.15348293059927914,0.20880707058103168,0.6473114383736079,0.29223341080720805,0.40120747739344975,,,,,,,,,,,,,60,60,60,60,60,60,60,60,60,60,60,60,60,60,60,60,60,60,60,60,60,60
refined,frozen P0 + trained H1b,1.0,1balA00,60,,,,,,,,,,,,,5.871648645401001,5.0107254683971405,6.518960603078207,0.00406303046546949,0.010065181518151816,0.0018732199602553184,0.0018122455727067968,0.05032679738562092,0.022510822510822516,0.06712328767123288,0.4351949973529519,0.5957505862556716,0.4846214199860373,0.6512980256327799,0.3844051022584939,0.3026439841996218,0.20222994419062182,0.2227532358275098,0.1824014092886814,0.7751535930885286,0.30292139565181825,0.43100942352256966,,,,,,,,,,,,,60,60,60,60,60,60,60,60,60,60,60,60,60,60,60,60,60,60,60,60,60,60
refined,frozen P0 + trained H1b,1.0,1by1A00,60,,,,,,,,,,,,,3.8555228471755982,3.293601737419764,4.293132042884826,0.0002426127897967698,0.0007000649480415668,5.94737460073276e-05,0.00015475049480823122,0.025279106858054227,0.02110042735042735,0.15484668644906036,0.6064975678202928,0.6216836679019838,0.6135506700537131,0.8108383862376538,0.5306420875780222,0.4038308108089143,0.30771307770170864,0.15640973721126405,0.2057787310601867,0.6931450379829726,0.311068029632469,0.4286097181616777,,,,,,,,,,,,,60,60,60,60,60,60,60,60,60,60,60,60,60,60,60,60,60,60,60,60,60,60
refined,frozen P0 + trained H1b,1.0,1c80A00,60,,,,,,,,,,,,,2.472275294860204,1.890912785132726,2.8973368724187214,0.0001864203511183427,0.0005687940323249069,3.755873236363515e-05,0.00012113919231935583,0.051134380453752175,0.02081425995283673,0.1515817901234568,0.661559762545226,0.6617451166240277,0.661453155923837,0.840002588380954,0.5928201429943011,0.5228679767270263,0.35060947223502753,0.14884487567938803,0.20818534570271402,0.6420672955298699,0.27731554643550704,0.38657843645054657,,,,,,,,,,,,,60,60,60,60,60,60,60,60,60,60,60,60,60,60,60,60,60,60,60,60,60,60
refined,frozen P0 + trained H1b,1.0,1ccdA00,60,,,,,,,,,,,,,4.7374549607435865,4.073190819223722,5.2071919719378155,0.0012762187121947894,0.003362931429881894,0.0005292318347088359,0.0005481770507657804,0.04199134199134199,0.02498984977669509,0.13333333333333333,0.5392970564205862,0.6119414764723942,0.5648297777414141,0.7554946391097231,0.4686022201973287,0.3323847979282514,0.26977691132454656,0.17496645389280083,0.1941258370388415,0.7323935868790493,0.29231374801214044,0.41528811651278463,,,,,,,,,,,,,60,60,60,60,60,60,60,60,60,60,60,60,60,60,60,60,60,60,60,60,60,60
refined,frozen P0 + trained H1b,1.0,1ccwB02,60,,,,,,,,,,,,,3.487413517634074,2.7192231198151906,4.0219247778256735,0.0009177505617266369,0.0027578782540614603,0.00023436315259798448,0.0006289390527069258,0.05707070707070707,0.020609945609945612,0.15908119658119657,0.579144692444707,0.6143566569802537,0.5929557611453975,0.7863946348869894,0.5087268786955583,0.4406597742970677,0.29185602823523,0.17015299848061094,0.20755609154438798,0.6724555605380179,0.3127662579352899,0.4246863476224477,,,,,,,,,,,,,60,60,60,60,60,60,60,60,60,60,60,60,60,60,60,60,60,60,60,60,60,60
refined,frozen P0 + trained H1b,1.0,1dgnA00,60,,,,,,,,,,,,,2.899411616722743,2.211353392402331,3.4032103419303894,0.0006427119784471228,0.0018064650744735492,0.00020112967836012272,0.0003098942713662397,0.02546816479400749,0.023804780876494024,0.07806267806267805,0.6479100841329025,0.6792729754988845,0.6601809775413976,0.8255651060011285,0.5814700483418994,0.45295396791000153,0.3481879303099253,0.17970239378441077,0.22995930761370825,0.6726848004135204,0.2801711998300441,0.3945285966658822,,,,,,,,,,,,,60,60,60,60,60,60,60,60,60,60,60,60,60,60,60,60,60,60,60,60,60,60
refined,frozen P0 + trained H1b,1.0,1eb6A00,60,,,,,,,,,,,,,2.8520532409350077,2.342453874150912,3.3080288847287496,0.00033473998634906343,0.0008909697184307665,9.220242782077786e-05,0.00017828887254574223,0.05225988700564972,0.02319559228650138,0.20262096774193547,0.6655797388309288,0.6788656639081843,0.6704337761808759,0.8089172018020726,0.6048469541817622,0.5357929727695541,0.34955784753486707,0.1653592395441345,0.21953170586582366,0.6458033428754618,0.3007133365261855,0.4093393377268491,,,,,,,,,,,,,60,60,60,60,60,60,60,60,60,60,60,60,60,60,60,60,60,60,60,60,60,60
refined,frozen P0 + trained H1b,1.0,1ecmA00,60,,,,,,,,,,,,,3.9044130583604177,3.1315693954626718,4.420485426982244,0.0006486514110084576,0.001915285451197053,0.00018826617808576763,0.00038696917145600735,0.03168498168498169,0.01993263034563562,0.0672077922077922,0.5847443886849141,0.6345555762955487,0.6054755443140621,0.8010891881862808,0.5066660363404217,0.3730259004977484,0.3045356714439051,0.1781951449667002,0.21744157209598958,0.704671777930235,0.2783348710681361,0.3975900715166627,,,,,,,,,,,,,60,60,60,60,60,60,60,60,60,60,60,60,60,60,60,60,60,60,60,60,60,60
refined,frozen P0 + trained H1b,1.0,1f7uA02,60,,,,,,,,,,,,,3.3291347841421763,2.682279223203659,3.775353678067525,0.0003904034112036653,0.001141933324696636,9.861851947664434e-05,0.0002171434320399745,0.027200000000000005,0.02115646258503401,0.1452755905511811,0.6148663375146541,0.6394740695315766,0.6259067278230946,0.8199678181249682,0.53814027067125,0.41228723504686665,0.32171327464354565,0.15580784086558327,0.20648400591085048,0.6987200382906271,0.29013209248361777,0.4087469315065889,,,,,,,,,,,,,60,60,60,60,60,60,60,60,60,60,60,60,60,60,60,60,60,60,60,60,60,60
refined,frozen P0 + trained H1b,1.0,1fjrA02,60,,,,,,,,,,,,,2.6058145662148795,2.0312044352293013,3.0092935959498086,0.00029973827087895996,0.0009314138273524204,6.035844802706494e-05,0.0002007223608304992,0.09213333333333333,0.023061774461028185,0.1870816599732263,0.6247586896319481,0.6176806450180592,0.6207781400288137,0.8004497201180294,0.5463971772808843,0.5147767013947169,0.34029270355385416,0.13358826353148373,0.19041495199986436,0.6509636845434239,0.2871975056157884,0.3978412564129508,,,,,,,,,,,,,60,60,60,60,60,60,60,60,60,60,60,60,60,60,60,60,60,60,60,60,60,60
refined,frozen P0 + trained H1b,1.0,1fmtB01,60,,,,,,,,,,,,,2.7519482056299847,2.2352519820133847,3.172276477018992,0.00021797071796121343,0.0005957502078137988,5.7474771248667014e-05,0.00010591851518295905,0.05688225538971807,0.026301325573876495,0.1370580808080808,0.6821538903143438,0.6817473181546867,0.6815629744825222,0.8401715861664543,0.6097435343479024,0.5353106447054604,0.359331841336704,0.152954144932503,0.21235497016648874,0.6418679979046339,0.2821584427797923,0.39137307797373144,,,,,,,,,,,,,60,60,60,60,60,60,60,60,60,60,60,60,60,60,60,60,60,60,60,60,60,60
refined,frozen P0 + trained H1b,1.0,1frmA00,60,,,,,,,,,,,,,3.9689106980959576,3.3800731857617694,4.44256775577863,0.0007727863298702363,0.002127059354547506,0.0003009094709425864,0.00033755726950143256,0.05723270440251572,0.02529886016124548,0.19156249999999997,0.5513675301055662,0.6128265343690713,0.5727173394677555,0.7537913395810896,0.49414301760190577,0.42270746407372906,0.28062413274884385,0.16747555764508706,0.19309709301618205,0.7036011043292482,0.295028498325723,0.4143771789043718,,,,,,,,,,,,,60,60,60,60,60,60,60,60,60,60,60,60,60,60,60,60,60,60,60,60,60,60
refined,frozen P0 + trained H1b,1.0,1gk9B03,20,,,,,,,,,,,,,3.6086283802986143,3.185186266899109,3.9675849854946135,0.00034594993068247474,0.0009508859034267913,0.00010369818303307548,0.00018112384069830879,0.040372670807453416,0.024972004479283317,0.1438538205980066,0.620022314632047,0.6466384809373518,0.6314775813001111,0.8016422196987708,0.5593554127763102,0.4790706389402442,0.3224802580747083,0.15526265924015756,0.2051844528646784,0.6798968336464111,0.29451381278135036,0.41001616599796914,,,,,,,,,,,,,20,20,20,20,20,20,20,20,20,20,20,20,20,20,20,20,20,20,20,20,20,20
refined,frozen P0 + trained H1b,1.0,1gkgA02,60,,,,,,,,,,,,,3.112502255042394,2.4535779267549516,3.6827450255552927,0.0007640368297526629,0.002077518963789896,0.00021472167071108166,0.00043222175044365334,0.08333333333333334,0.0269742883379247,0.1880758807588076,0.5651336588165736,0.5908496234873237,0.5764687050316191,0.7363329574807124,0.5044164782897397,0.4745364969479301,0.2957242801928745,0.1513899302378873,0.19632310506770334,0.6647035638406347,0.2842058376425191,0.39612771759880233,,,,,,,,,,,,,60,60,60,60,60,60,60,60,60,60,60,60,60,60,60,60,60,60,60,60,60,60
refined,frozen P0 + trained H1b,1.0,1gvhA01,60,,,,,,,,,,,,,3.5804575900236766,3.1957487225532533,3.85515779654185,0.0004857217676396505,0.0013458434221146087,0.00015089097288369528,0.00025094774493381527,0.025900900900900903,0.023643410852713174,0.1873390557939914,0.5975961154830239,0.6409942596452023,0.6163448418594001,0.7921560563825416,0.5389818186481331,0.42564096875300117,0.297151771104697,0.1747428964347497,0.21444433863349896,0.6890008341628857,0.3007195026807256,0.4172790214089028,,,,,,,,,,,,,60,60,60,60,60,60,60,60,60,60,60,60,60,60,60,60,60,60,60,60,60,60
refined,frozen P0 + trained H1b,1.0,1gyxA01,60,,,,,,,,,,,,,5.2715181589126585,4.489077383279801,5.859270763397217,0.0017624659414500238,0.004735866350039578,0.000760096867432232,0.0008791058298042686,0.05390625,0.024663978494623654,0.10757575757575759,0.4730361501186809,0.5775102712186586,0.5100197281699272,0.710259059062906,0.41603835895204466,0.303346161621006,0.24168984682297898,0.19261491087663163,0.19437747421516796,0.7501817169125126,0.3092722312468471,0.43500038813061054,,,,,,,,,,,,,60,60,60,60,60,60,60,60,60,60,60,60,60,60,60,60,60,60,60,60,60,60
refined,frozen P0 + trained H1b,1.0,1hw7A02,60,,,,,,,,,,,,,6.770001494884491,6.018162512779236,7.224756296475729,0.0035304182658723615,0.010341510341510343,0.0014877657440834334,0.001513494631004997,0.05500000000000001,0.02569553805774278,0.1611111111111111,0.382199331977068,0.5691914686751479,0.44125599683559746,0.6325454888130813,0.3500140873407849,0.24483186256337056,0.1863487662449693,0.2365855736738572,0.1835167532743009,0.7798739743141901,0.28767062094513035,0.41576415566634933,,,,,,,,,,,,,60,60,60,60,60,60,60,60,60,60,60,60,60,60,60,60,60,60,60,60,60,60
refined,frozen P0 + trained H1b,1.0,1i7xB00,60,,,,,,,,,,,,,6.541292130947113,5.851825624704361,7.049830627441406,0.0017645014210063588,0.004884376316898442,0.0006266343960385022,0.0007829128525712584,0.08128654970760234,0.0266173245614035,0.20160642570281123,0.44317351344044403,0.5255095422131391,0.4740971735244602,0.6792636410457151,0.3761246342867833,0.29795451440623444,0.2217077618647745,0.17029245942674484,0.1786717386073148,0.7434297134283643,0.31682194146177706,0.43975265572117667,,,,,,,,,,,,,60,60,60,60,60,60,60,60,60,60,60,60,60,60,60,60,60,60,60,60,60,60
refined,frozen P0 + trained H1b,1.0,1ik7A00,60,,,,,,,,,,,,,5.667270698149999,4.720270854234696,6.302303687731425,0.0023328983921205486,0.006740592677200329,0.0009829004701295723,0.0012915007948707843,0.042628205128205116,0.02041198501872659,0.17782152230971127,0.4454697010012524,0.5747776633159405,0.491312845238731,0.6979752498910856,0.3981106354796097,0.2593546947753255,0.22490990804960778,0.21189816839292167,0.19911045509910216,0.7564305740181515,0.29208343237120543,0.4156189702939334,,,,,,,,,,,,,60,60,60,60,60,60,60,60,60,60,60,60,60,60,60,60,60,60,60,60,60,60
refined,frozen P0 + trained H1b,1.0,1in4A03,60,,,,,,,,,,,,,2.503229981660843,1.7211683322985967,3.011308421691259,0.0005852353482150321,0.0017742154906584438,0.00012746198316190564,0.0002879315001032582,0.024,0.029707602339181287,0.034305555555555554,0.6918141447938527,0.6936455317615263,0.6906698688349141,0.857753657587304,0.6147163840127151,0.47907146192623984,0.37422942001683185,0.16270207733119504,0.2210543481832374,0.6553161882096,0.2848332720928815,0.39518592040577416,,,,,,,,,,,,,60,60,60,60,60,60,60,60,60,60,60,60,60,60,60,60,60,60,60,60,60,60
refined,frozen P0 + trained H1b,1.0,1inlC02,60,,,,,,,,,,,,,4.694588402907054,3.8555981695652006,5.237381871541341,0.001114947489569846,0.0034250926967462395,0.0002815650481400644,0.0007439005358164699,0.07682291666666667,0.022715053763440858,0.19466230936819168,0.5066175137487129,0.5630515817668583,0.5309051791905449,0.7330728433336571,0.4385129346420361,0.3974305027089358,0.24371834344235763,0.1511914293862682,0.18006824199462435,0.6984435606440496,0.28003285792433297,0.3977230586047575,,,,,,,,,,,,,60,60,60,60,60,60,60,60,60,60,60,60,60,60,60,60,60,60,60,60,60,60
refined,frozen P0 + trained H1b,1.0,1iv8A05,60,,,,,,,,,,,,,2.67134424050649,1.9333746800820033,3.1480681737264,0.0004890364040817767,0.0016466040321002151,6.195075512947468e-05,0.000245376148870986,0.07601010101010103,0.025819000819000817,0.15486111111111114,0.6344153380057751,0.6267040283731883,0.6297063687780825,0.8122518583147191,0.5382818254585408,0.49621017443066057,0.34426615820030115,0.12170939093970116,0.1780785779317676,0.6690866800151328,0.27318212036007766,0.3858516339746104,,,,,,,,,,,,,60,60,60,60,60,60,60,60,60,60,60,60,60,60,60,60,60,60,60,60,60,60
refined,frozen P0 + trained H1b,1.0,1j4sA00,60,,,,,,,,,,,,,2.80847162604332,2.3983497361342114,3.1894353946050007,0.0003269370663696544,0.0008758758758758759,0.00010007431415528534,0.00016233803561779278,0.10604026845637585,0.025062421972534332,0.21889312977099243,0.631978975886115,0.6383705633679158,0.6347485940576284,0.7868426473638126,0.5669600073562774,0.5219468198169271,0.33062470116966663,0.13852560319221408,0.19322405646092405,0.6532730942134352,0.27241614882278703,0.38363176072675326,,,,,,,,,,,,,60,60,60,60,60,60,60,60,60,60,60,60,60,60,60,60,60,60,60,60,60,60
refined,frozen P0 + trained H1b,1.0,1jocA01,60,,,,,,,,,,,,,7.51505138874054,6.498945673306783,8.257413772741954,0.0027974384900572974,0.007865688648340693,0.0011571056062581486,0.0013641834960545674,0.041111111111111105,0.019069664902998232,0.03223270440251573,0.40826811169312865,0.5954257623614987,0.47071671435357043,0.6493528156311574,0.3670033702965725,0.24927232699306753,0.19727613054621862,0.2535651934402633,0.2006376242212458,0.7714332478259176,0.29375838388318704,0.4217771824788333,,,,,,,,,,,,,60,60,60,60,60,60,60,60,60,60,60,60,60,60,60,60,60,60,60,60,60,60
refined,frozen P0 + trained H1b,1.0,1jqoA03,60,,,,,,,,,,,,,3.0401328921318056,2.5658285429080325,3.3995253344376883,0.00037626621017259964,0.001124488256841198,9.109378071957534e-05,0.00023121424356704892,0.03260340632603406,0.01993521790341578,0.16655052264808362,0.6267322710608233,0.646854333129853,0.6356584968680625,0.8172332534010681,0.5605001776269106,0.46578990691116484,0.3204867653641774,0.16268914470354104,0.2131462221342616,0.6636101612635802,0.2982640523675046,0.4104530510521581,,,,,,,,,,,,,60,60,60,60,60,60,60,60,60,60,60,60,60,60,60,60,60,60,60,60,60,60
refined,frozen P0 + trained H1b,1.0,1jr3C02,60,,,,,,,,,,,,,2.5257366637388867,1.98206937511762,2.8798469841480254,0.0003355930126375204,0.0009745320772256798,7.543164491671216e-05,0.00018671616302230813,0.02322404371584699,0.02028244460676893,0.10249597423510469,0.6813551681525029,0.6852297243039996,0.6830408667851215,0.8620495847181303,0.6029647417309457,0.4554649863016038,0.35408027396434816,0.15699063584899325,0.21638863359261046,0.667325352861102,0.2994377533264354,0.4123766401153093,,,,,,,,,,,,,60,60,60,60,60,60,60,60,60,60,60,60,60,60,60,60,60,60,60,60,60,60
refined,frozen P0 + trained H1b,1.0,1k4iA00,60,,,,,,,,,,,,,2.7715710163116456,2.2976922184228896,3.195678957303365,0.00022592102458278255,0.0005910178240615838,5.591713449574266e-05,0.00014954969747971985,0.06535493827160493,0.025146859466787165,0.10755287009063447,0.6715597466567237,0.6746040298262757,0.6725824332299837,0.8299431794543556,0.6001878609741589,0.534268895061485,0.3470577550092417,0.1573132365843943,0.2149098838447951,0.6446326998252138,0.29311527903325035,0.40235339445315327,,,,,,,,,,,,,60,60,60,60,60,60,60,60,60,60,60,60,60,60,60,60,60,60,60,60,60,60
refined,frozen P0 + trained H1b,1.0,1k8kD01,60,,,,,,,,,,,,,4.12064346075058,3.532609623670578,4.524263880650202,0.00037036312241791697,0.0011185861941675895,9.866936561556629e-05,0.0002113514453495994,0.05121412803532009,0.0259944415494181,0.16031746031746028,0.5842576422408958,0.6121181804254978,0.5963213717319614,0.7907320881499261,0.5093554132052374,0.4379824344534095,0.2962872873249669,0.14920925107170174,0.19393075756995126,0.690515699506842,0.2915685639625215,0.40875914934046603,,,,,,,,,,,,,60,60,60,60,60,60,60,60,60,60,60,60,60,60,60,60,60,60,60,60,60,60
refined,frozen P0 + trained H1b,4.0,1ad3A02,60,,,,,,,,,,,,,3.7070122003555297,3.2861241151889167,4.010238869984945,0.00035457709254500705,0.0009335329817401215,0.00012763207000873498,0.00020232666647426088,0.05478632478632479,0.028722272865390464,0.15904040404040404,0.5875649245848616,0.6098490151065042,0.5967121885274338,0.7810032892216682,0.5221601310390367,0.4339627196841793,0.3013428917989712,0.14559502458696993,0.19011082238250848,0.693701910729896,0.31107782385437593,0.4284286513359863,,,,,,,,,,,,,60,60,60,60,60,60,60,60,60,60,60,60,60,60,60,60,60,60,60,60,60,60
refined,frozen P0 + trained H1b,4.0,1atgA02,60,,,,,,,,,,,,,3.542063214381536,2.9660618394613265,4.007915860414505,0.001049798142874131,0.0023917975194856916,0.0005099565876812173,0.0005653705208823487,0.058715596330275226,0.022958561852528942,0.16015779092702168,0.600143820353331,0.6235156307294268,0.6060709021323037,0.766265725278109,0.5386351338416233,0.43286753711021536,0.3179446794475545,0.1627448861284712,0.20068520533441078,0.6710162109940196,0.33210635763421187,0.44234162022756573,,,,,,,,,,,,,60,60,60,60,60,60,60,60,60,60,60,60,60,60,60,60,60,60,60,60,60,60
refined,frozen P0 + trained H1b,4.0,1balA00,60,,,,,,,,,,,,,7.343841083844503,6.4493960916996,8.007273789246877,0.00817832573930135,0.017684818481848184,0.004998763702299514,0.004091500836897899,0.04640522875816992,0.023283858998144717,0.06575342465753424,0.33512528075462317,0.55569185463448,0.3933146004266439,0.5574631132139378,0.29569376353200993,0.22180575500723643,0.1539682762614308,0.25289098002392696,0.16035895399161218,0.8119502124160234,0.3631128155138083,0.49662394189222336,,,,,,,,,,,,,60,60,60,60,60,60,60,60,60,60,60,60,60,60,60,60,60,60,60,60,60,60
refined,frozen P0 + trained H1b,4.0,1by1A00,60,,,,,,,,,,,,,5.147028833627701,4.505906518300375,5.641737922032674,0.0004453423922760594,0.001138416190124823,0.00018642455436624042,0.00026858277136741684,0.026156299840510364,0.021173878205128206,0.1556874381800198,0.5234678004868257,0.5745884238653758,0.5454077849947457,0.7585820988186573,0.4532514395942995,0.3168103549263639,0.2529651344729219,0.15499311812781466,0.18602800913372125,0.7489330028159242,0.3310895070292137,0.4580239759278132,,,,,,,,,,,,,60,60,60,60,60,60,60,60,60,60,60,60,60,60,60,60,60,60,60,60,60,60
refined,frozen P0 + trained H1b,4.0,1c80A00,60,,,,,,,,,,,,,3.0947602927684783,2.424110279480616,3.5929407874743142,0.00025527222643144685,0.0007071648938619514,7.764358789437362e-05,0.00018243465580984212,0.05287958115183245,0.020710223331946182,0.15158179012345682,0.6144596961387755,0.6282660630984803,0.6201671523492982,0.8160000894265808,0.5438970199384667,0.4666636829819105,0.3247169841627897,0.14739707060594195,0.19877614639240654,0.6652444114790443,0.2891804317877433,0.40233135224826083,,,,,,,,,,,,,60,60,60,60,60,60,60,60,60,60,60,60,60,60,60,60,60,60,60,60,60,60
refined,frozen P0 + trained H1b,4.0,1ccdA00,60,,,,,,,,,,,,,6.393002847830455,5.673751336336136,6.90080589056015,0.0026602562282161523,0.005932519206513015,0.0015580692945499318,0.0013435548552228973,0.03722943722943724,0.024015428339423463,0.13218390804597704,0.4578047908752275,0.5763398668165975,0.49370025696211606,0.6905280050124941,0.39296009245084584,0.25408202662866597,0.21956496848855916,0.19085899675094703,0.17504064459815952,0.7849215528572536,0.34571137613138775,0.47695104634735924,,,,,,,,,,,,,60,60,60,60,60,60,60,60,60,60,60,60,60,60,60,60,60,60,60,60,60,60
refined,frozen P0 + trained H1b,4.0,1ccwB02,60,,,,,,,,,,,,,4.8549716373284655,4.062413585186005,5.403030200799306,0.0023368732283571363,0.005850949305147779,0.001216850251136202,0.001458213306796557,0.06363636363636363,0.021114996114996114,0.1580128205128205,0.4920699455424894,0.579280430562873,0.520691521266165,0.7168816072465715,0.4343282691861966,0.36609510097079756,0.2307526073624748,0.18324070254339608,0.18333672145348953,0.7054230239602473,0.34271937999699503,0.4565567360751913,,,,,,,,,,,,,60,60,60,60,60,60,60,60,60,60,60,60,60,60,60,60,60,60,60,60,60,60
refined,frozen P0 + trained H1b,4.0,1dgnA00,60,,,,,,,,,,,,,3.358135233322779,2.6083621154228847,3.9087663849194842,0.0011207992433329747,0.0027248116760828626,0.0005424914380213308,0.0006071457973162097,0.02621722846441948,0.02343957503320053,0.07820512820512819,0.604410225892696,0.654366058535427,0.6213642649072162,0.7981568923267403,0.5343944323444008,0.40806794888069375,0.31893293731417455,0.18611499803855322,0.22070275431114675,0.6950860910651797,0.3041193230982748,0.42158683352126286,,,,,,,,,,,,,60,60,60,60,60,60,60,60,60,60,60,60,60,60,60,60,60,60,60,60,60,60
refined,frozen P0 + trained H1b,4.0,1eb6A00,60,,,,,,,,,,,,,3.843452912569046,3.2971948623657226,4.336785429716111,0.0005600777871255119,0.0013305863164220103,0.00024362922068148105,0.0003018053462661338,0.04934086629001882,0.02368227731864096,0.20053763440860214,0.6148579237313135,0.6488570729831604,0.6268245702649918,0.7733699656381755,0.5569515099880281,0.4814263387609208,0.31120116104472456,0.16289354194706243,0.20375413518394023,0.6789920598501797,0.316718287493426,0.43091114908084754,,,,,,,,,,,,,60,60,60,60,60,60,60,60,60,60,60,60,60,60,60,60,60,60,60,60,60,60
refined,frozen P0 + trained H1b,4.0,1ecmA00,60,,,,,,,,,,,,,5.222311715284984,4.417411001523336,5.762680983543396,0.001435586882908139,0.003671731123388582,0.0007035663450504094,0.0008231455338502477,0.02802197802197802,0.0205477445811365,0.0683982683982684,0.5043700926190839,0.604169440341806,0.5399941564961108,0.7445873723693943,0.4355909462031091,0.28916604367762005,0.24959360745990472,0.1924051297490432,0.19976501646821548,0.7487498538159544,0.3093716378790795,0.43520430966011603,,,,,,,,,,,,,60,60,60,60,60,60,60,60,60,60,60,60,60,60,60,60,60,60,60,60,60,60
refined,frozen P0 + trained H1b,4.0,1f7uA02,60,,,,,,,,,,,,,4.5117653171221415,3.755337792634964,5.020477648576101,0.0007867441298689316,0.001928412575031308,0.00035868123565377716,0.0004980046279217948,0.025600000000000005,0.02212018140589569,0.1461286089238845,0.5483266015796693,0.6054941886144118,0.5693476011570625,0.7739954559139449,0.47810061652718533,0.33999760860741757,0.28918704856694843,0.16699510905220447,0.1979995317478359,0.7409992510928993,0.3162032309914953,0.4412060170510175,,,,,,,,,,,,,60,60,60,60,60,60,60,60,60,60,60,60,60,60,60,60,60,60,60,60,60,60
refined,frozen P0 + trained H1b,4.0,1fjrA02,60,,,,,,,,,,,,,3.297121214866638,2.6403193811575574,3.7636517663796742,0.00044728287979936196,0.0012390961696247356,0.00014893066640291543,0.00032331279374369373,0.08600000000000001,0.02236733001658375,0.18634538152610444,0.5645378100459216,0.5668963427697233,0.5641355027176167,0.7610327375318182,0.4835893467782573,0.44637597189269473,0.29254554385602755,0.1282148169754573,0.17382193198837986,0.6736793436893411,0.30851519790662263,0.4215069311048536,,,,,,,,,,,,,60,60,60,60,60,60,60,60,60,60,60,60,60,60,60,60,60,60,60,60,60,60
refined,frozen P0 + trained H1b,4.0,1fmtB01,60,,,,,,,,,,,,,3.3877071380615233,2.812895957628886,3.855812060832977,0.00031255526312302955,0.0007733270989193682,0.00012169076945875502,0.0001640007570269724,0.05447761194029851,0.026066925315227932,0.13819444444444443,0.6330460793412526,0.6579160158595889,0.643897498183939,0.8142394841799493,0.5624950975808702,0.49242763956905394,0.3177857566335945,0.15685420441443593,0.20383980236409174,0.6759037034094798,0.30272076320474633,0.41726013472788204,,,,,,,,,,,,,60,60,60,60,60,60,60,60,60,60,60,60,60,60,60,60,60,60,60,60,60,60
refined,frozen P0 + trained H1b,4.0,1frmA00,60,,,,,,,,,,,,,5.496710638205211,4.854307158788045,6.015951522191366,0.0015119235201766152,0.003517640863612428,0.0008755656500858225,0.0007533944472921907,0.06273584905660377,0.02543786488740617,0.1905208333333333,0.46907969854819787,0.5658681422316773,0.49817614902849555,0.6923397240245279,0.4171729633462238,0.3369571715357347,0.23108195438930873,0.17141577852001663,0.16808794924091136,0.7503518179037582,0.3226243801034968,0.44918729944459007,,,,,,,,,,,,,60,60,60,60,60,60,60,60,60,60,60,60,60,60,60,60,60,60,60,60,60,60
refined,frozen P0 + trained H1b,4.0,1gk9B03,20,,,,,,,,,,,,,4.477321201562882,3.9885637164115906,4.8778573155403135,0.0006026224598985043,0.0015306172118380063,0.00024967232916141963,0.00032896890343698853,0.0422360248447205,0.023292273236282197,0.1483388704318937,0.5694716926682517,0.6074653040942647,0.5840642112852349,0.7613587903218788,0.5076039353615285,0.4226984370323904,0.28157909654973007,0.15481229442520333,0.18828913831191746,0.7039855488456718,0.3388022832849195,0.45538089638332,,,,,,,,,,,,,20,20,20,20,20,20,20,20,20,20,20,20,20,20,20,20,20,20,20,20,20,20
refined,frozen P0 + trained H1b,4.0,1gkgA02,60,,,,,,,,,,,,,3.9540442883968354,3.155757787823677,4.645599802335103,0.0014908828308358912,0.0035391620151710317,0.0006733338235654584,0.0009036374127663281,0.09685990338164253,0.026675849403122134,0.18929539295392955,0.48978931027152306,0.5390942003311995,0.5081137430466275,0.6747938242152727,0.429643502755134,0.4046986039052667,0.24626627455003372,0.1504948276855117,0.17574017204584105,0.7049528106390797,0.3282983654545971,0.4443938949982204,,,,,,,,,,,,,60,60,60,60,60,60,60,60,60,60,60,60,60,60,60,60,60,60,60,60,60,60
refined,frozen P0 + trained H1b,4.0,1gvhA01,60,,,,,,,,,,,,,4.78754177292188,4.399015625317891,5.030976263682048,0.0008733302227264121,0.0020674314923709598,0.00042477837105858057,0.0005177437163356381,0.023873873873873883,0.02332538262770821,0.18834048640915593,0.5293944404889387,0.6105343707003911,0.5606884876981257,0.7484681474060246,0.4743639823058828,0.36177628751831276,0.25355554062484686,0.18266397052580696,0.19950655688098112,0.7426906078359788,0.32910495187468786,0.4543930169379456,,,,,,,,,,,,,60,60,60,60,60,60,60,60,60,60,60,60,60,60,60,60,60,60,60,60,60,60
refined,frozen P0 + trained H1b,4.0,1gyxA01,60,,,,,,,,,,,,,6.851501921812694,6.021075085798899,7.482296506563823,0.004468584188638272,0.00979565054368204,0.002890659583886676,0.00249562817352464,0.051041666666666666,0.02455197132616488,0.10924242424242424,0.35728185981709226,0.5346327452894167,0.4096420538642548,0.6073097404591797,0.31614845086549875,0.21603847275571778,0.1740861742317339,0.22067759483503074,0.1660078935599679,0.801580246035779,0.3529816412741409,0.48566685488780004,,,,,,,,,,,,,60,60,60,60,60,60,60,60,60,60,60,60,60,60,60,60,60,60,60,60,60,60
refined,frozen P0 + trained H1b,4.0,1hw7A02,60,,,,,,,,,,,,,8.745883782704672,7.880336177349091,9.286827858289083,0.009383903553179966,0.020989658489658492,0.006565182511030887,0.004770583678862714,0.05733333333333334,0.02540682414698163,0.16210317460317458,0.26829740480863234,0.5468819285979528,0.3340756573690441,0.5126573226199602,0.2438331997109781,0.17455093818077136,0.12309837787338009,0.27799979249878065,0.1441970946052238,0.8336462573093484,0.3604521616013099,0.49759101660167965,,,,,,,,,,,,,60,60,60,60,60,60,60,60,60,60,60,60,60,60,60,60,60,60,60,60,60,60
refined,frozen P0 + trained H1b,4.0,1i7xB00,60,,,,,,,,,,,,,8.244831097126006,7.450102647145589,8.828708942731222,0.00535177574679507,0.011667061736198905,0.003331733711678629,0.0028458733348217607,0.08216374269005848,0.026315789473684206,0.20060240963855422,0.31430968508397206,0.47799458199122186,0.359861684097778,0.5494385559157222,0.2713823636450139,0.19864938370952454,0.1560296693694678,0.20203231468584368,0.14844215380058748,0.8264580618234636,0.3940454937191761,0.5285248898861123,,,,,,,,,,,,,60,60,60,60,60,60,60,60,60,60,60,60,60,60,60,60,60,60,60,60,60,60
refined,frozen P0 + trained H1b,4.0,1ik7A00,60,,,,,,,,,,,,,7.624748380978902,6.59973947207133,8.31960776646932,0.006135477172601511,0.014155403261628275,0.004061675839926613,0.0034796946645119756,0.03301282051282052,0.021207865168539328,0.17874015748031494,0.3309813279272477,0.5360220730783644,0.3881779565026798,0.5855473474275017,0.3008381366934561,0.18214375514623174,0.16376179102282543,0.23579161409388974,0.164099622177405,0.815548666370153,0.3320613080539189,0.46481932636432255,,,,,,,,,,,,,60,60,60,60,60,60,60,60,60,60,60,60,60,60,60,60,60,60,60,60,60,60
refined,frozen P0 + trained H1b,4.0,1in4A03,60,,,,,,,,,,,,,2.9777225971221926,2.140110021829605,3.5267732242743173,0.0009433119760433531,0.0024661406372815772,0.00037737231625998397,0.0005214538753594179,0.027555555555555555,0.02949317738791423,0.03444444444444444,0.648497569636527,0.6781190138192105,0.6580393802596398,0.8380735433494909,0.5794621980896918,0.42735470394498376,0.33532479495378037,0.17132051888926403,0.21380919157179062,0.6839328017384078,0.30273089635052547,0.4174221807544643,,,,,,,,,,,,,60,60,60,60,60,60,60,60,60,60,60,60,60,60,60,60,60,60,60,60,60,60
refined,frozen P0 + trained H1b,4.0,1inlC02,60,,,,,,,,,,,,,6.425134634971618,5.510825389623642,7.020681893825531,0.002676918150556198,0.00710692413448319,0.0012273590521273278,0.00164256359569266,0.07135416666666666,0.0228110599078341,0.19368191721132894,0.40772978730219916,0.5239390634281602,0.44901514638105816,0.6476612265588184,0.3506159638506992,0.32651981483796927,0.17657157072553772,0.16438657239958848,0.15364576044583936,0.7466472513846509,0.3274438896799084,0.45186328715480434,,,,,,,,,,,,,60,60,60,60,60,60,60,60,60,60,60,60,60,60,60,60,60,60,60,60,60,60
refined,frozen P0 + trained H1b,4.0,1iv8A05,60,,,,,,,,,,,,,3.441305575768153,2.573296609520912,3.9596686999003095,0.000787636971387545,0.002328733607359561,0.00023034199687136728,0.00040848746170430046,0.07979797979797978,0.02542997542997543,0.15444444444444447,0.5768881304927274,0.579188244838971,0.5761191198557919,0.7765448247446266,0.4688524287519191,0.44359470190666067,0.29406223012696386,0.11959752039700948,0.16239907684293406,0.687633893707394,0.30340554315119017,0.4178944305496268,,,,,,,,,,,,,60,60,60,60,60,60,60,60,60,60,60,60,60,60,60,60,60,60,60,60,60,60
refined,frozen P0 + trained H1b,4.0,1j4sA00,60,,,,,,,,,,,,,3.7616381963094074,3.3421405822038652,4.152012002468109,0.0005302490233486363,0.0012850919100919102,0.00022908327140487063,0.0002800676025247473,0.10581655480984341,0.025010403662089058,0.21978371501272267,0.5683868749071546,0.5945388241433818,0.5791148022320578,0.7440512087087879,0.5042712495179544,0.45721377795003765,0.2865475545627301,0.13207975072709757,0.17458388901582442,0.6876829423440005,0.29264944036351725,0.40939106141363446,,,,,,,,,,,,,60,60,60,60,60,60,60,60,60,60,60,60,60,60,60,60,60,60,60,60,60,60
refined,frozen P0 + trained H1b,4.0,1jocA01,60,,,,,,,,,,,,,9.431215767065684,8.316894527276357,10.242174426714579,0.007839428154139984,0.018238142714713006,0.005063016079965232,0.003714167892648566,0.043055555555555555,0.020701058201058196,0.03694968553459121,0.27670610640959786,0.5532242393023943,0.3423344692628498,0.4977152912036838,0.25592038503186354,0.15358179654739296,0.12444439717822778,0.274809267246172,0.1444756742228924,0.819019315175053,0.35367382373806666,0.48720413412219277,,,,,,,,,,,,,60,60,60,60,60,60,60,60,60,60,60,60,60,60,60,60,60,60,60,60,60,60
refined,frozen P0 + trained H1b,4.0,1jqoA03,60,,,,,,,,,,,,,3.969099505742391,3.44743788142999,4.369233359893163,0.000653094313386645,0.0017095139337786394,0.00027268060379666644,0.00040866021875026723,0.031751824817518245,0.020151158225363168,0.16498257839721253,0.5656714854352854,0.6117363833362466,0.5844172994971077,0.7757646224762407,0.5016740937000352,0.4054085418185191,0.2764283958687615,0.1684575357164263,0.2016576275144564,0.6988405339688326,0.33366396907715606,0.4505748841531037,,,,,,,,,,,,,60,60,60,60,60,60,60,60,60,60,60,60,60,60,60,60,60,60,60,60,60,60
refined,frozen P0 + trained H1b,4.0,1jr3C02,60,,,,,,,,,,,,,3.1317222476005555,2.5318567713101703,3.5106972754001617,0.0005247608733686348,0.0013948406625174303,0.0001844050291738595,0.0002965677686550438,0.02131147540983606,0.01939371804236669,0.09895330112721418,0.6293310153812375,0.6522518898601019,0.639029011970328,0.8361917634324271,0.5450355659682066,0.3913334788712289,0.3127009160626254,0.16283330367920634,0.20775827960551918,0.690687731491611,0.31560734880249197,0.43203354799832044,,,,,,,,,,,,,60,60,60,60,60,60,60,60,60,60,60,60,60,60,60,60,60,60,60,60,60,60
refined,frozen P0 + trained H1b,4.0,1k4iA00,60,,,,,,,,,,,,,3.469360182682673,2.9572657446066537,3.9363362312316896,0.0003549632862679145,0.0008486663429198367,0.0001313913689009769,0.00023518585669227767,0.06782407407407408,0.025048953155595723,0.1092648539778449,0.6123846379650945,0.6419820114288637,0.625216091390262,0.7971403255038959,0.5437911263768365,0.4745708637845543,0.3028158618137036,0.1590503650648182,0.2030198947719192,0.6742548089358671,0.30767120330798303,0.42166598364542013,,,,,,,,,,,,,60,60,60,60,60,60,60,60,60,60,60,60,60,60,60,60,60,60,60,60,60,60
refined,frozen P0 + trained H1b,4.0,1k8kD01,60,,,,,,,,,,,,,5.450279502073924,4.766599712769191,5.901264262199402,0.0006514894542291803,0.0017253599114064226,0.00028978649386383453,0.00037203873884719826,0.05253863134657837,0.02530832030571478,0.16227513227513224,0.5015604557123968,0.553950220777734,0.5228524742041627,0.7326534195098843,0.4251354141919287,0.353556947229148,0.24170602151631568,0.14367494331006164,0.1706061970374546,0.7434639349538573,0.322453856446339,0.447049348623953,,,,,,,,,,,,,60,60,60,60,60,60,60,60,60,60,60,60,60,60,60,60,60,60,60,60,60,60
